OG_name,OG size (number of genomes),OG size (total number of genes)
OG_0,40,40
OG_1,40,40
OG_2,40,40
OG_3,23,23
OG_4,23,23
OG_5,25,25
OG_6,40,40
OG_7,25,25
OG_8,40,40
OG_9,40,40
OG_10,40,40
OG_11,40,40
OG_12,40,40
OG_13,40,40
OG_14,40,40
OG_15,40,40
OG_16,40,40
OG_17,40,40
OG_18,40,40
OG_19,40,40
OG_20,40,40
OG_21,40,40
OG_22,40,40
OG_23,40,40
OG_24,40,40
OG_25,40,40
OG_26,40,40
OG_27,40,40
OG_28,40,40
OG_29,40,40
OG_30,40,40
OG_31,25,25
OG_32,21,21
OG_33,40,40
OG_34,25,25
OG_35,40,40
OG_36,40,40
OG_37,40,40
OG_38,40,40
OG_39,40,40
OG_40,40,40
OG_41,40,40
OG_42,25,25
OG_43,40,40
OG_44,40,40
OG_45,40,40
OG_46,21,21
OG_47,25,25
OG_48,40,40
OG_49,40,40
OG_50,40,40
OG_51,40,40
OG_52,40,40
OG_53,25,25
OG_54,40,40
OG_55,24,24
OG_56,20,20
OG_57,16,16
OG_58,21,21
OG_59,39,39
OG_60,40,40
OG_61,40,40
OG_62,25,25
OG_63,21,21
OG_64,40,40
OG_65,25,25
OG_66,23,23
OG_67,25,25
OG_68,40,40
OG_69,23,23
OG_70,23,23
OG_71,25,25
OG_72,23,23
OG_73,40,40
OG_74,23,23
OG_75,21,21
OG_76,40,40
OG_77,37,37
OG_78,19,19
OG_79,23,23
OG_80,40,40
OG_81,40,40
OG_82,40,40
OG_83,40,40
OG_84,40,40
OG_85,23,23
OG_86,40,40
OG_87,2,2
OG_88,3,3
OG_89,40,40
OG_90,21,21
OG_91,40,40
OG_92,40,40
OG_93,25,25
OG_94,40,40
OG_95,25,25
OG_96,16,16
OG_97,39,39
OG_98,5,5
OG_99,21,21
OG_100,40,40
OG_101,38,38
OG_102,21,21
OG_103,40,40
OG_104,40,40
OG_105,22,22
OG_106,25,25
OG_107,40,40
OG_108,40,40
OG_109,23,23
OG_110,40,40
OG_111,22,22
OG_112,20,20
OG_113,39,39
OG_114,40,40
OG_115,40,40
OG_116,40,40
OG_117,23,23
OG_118,40,40
OG_119,24,24
OG_120,40,40
OG_121,17,17
OG_122,40,40
OG_123,40,40
OG_124,40,40
OG_125,40,40
OG_126,40,40
OG_127,24,24
OG_128,21,21
OG_129,21,21
OG_130,40,40
OG_131,21,21
OG_132,23,23
OG_133,40,40
OG_134,20,20
OG_135,40,40
OG_136,25,25
OG_137,40,40
OG_138,40,40
OG_139,23,23
OG_140,40,40
OG_141,40,40
OG_142,40,40
OG_143,25,25
OG_144,40,40
OG_145,40,40
OG_146,40,40
OG_147,39,39
OG_148,21,21
OG_149,19,19
OG_150,21,21
OG_151,40,40
OG_152,40,40
OG_153,40,40
OG_154,23,23
OG_155,40,40
OG_156,23,23
OG_157,21,21
OG_158,40,40
OG_159,24,24
OG_160,40,40
OG_161,40,40
OG_162,25,25
OG_163,21,21
OG_164,40,40
OG_165,40,40
OG_166,35,35
OG_167,40,40
OG_168,25,25
OG_169,39,39
OG_170,39,39
OG_171,40,40
OG_172,40,40
OG_173,40,40
OG_174,34,34
OG_175,17,17
OG_176,21,21
OG_177,24,24
OG_178,25,25
OG_179,38,38
OG_180,17,17
OG_181,40,40
OG_182,39,39
OG_183,40,40
OG_184,40,40
OG_185,40,40
OG_186,24,24
OG_187,25,25
OG_188,25,25
OG_189,39,39
OG_190,21,21
OG_191,40,40
OG_192,23,23
OG_193,23,23
OG_194,40,40
OG_195,5,5
OG_196,39,39
OG_197,25,25
OG_198,23,23
OG_199,40,40
OG_200,21,21
OG_201,17,17
OG_202,17,17
OG_203,18,18
OG_204,21,21
OG_205,21,21
OG_206,21,21
OG_207,24,24
OG_208,2,2
OG_209,2,2
OG_210,2,2
OG_211,3,3
OG_212,3,3
OG_213,3,3
OG_214,4,4
OG_215,20,20
OG_216,20,20
OG_217,18,32
OG_218,40,40
OG_219,14,17
OG_220,15,27
OG_221,21,21
OG_222,12,12
OG_223,24,24
OG_224,25,25
OG_225,39,39
OG_226,40,40
OG_227,21,21
OG_228,39,39
OG_229,40,40
OG_230,20,20
OG_231,40,40
OG_232,4,4
OG_233,38,38
OG_234,40,40
OG_235,17,17
OG_236,19,19
OG_237,5,5
OG_238,20,20
OG_239,16,16
OG_240,40,40
OG_241,39,39
OG_242,40,40
OG_243,40,40
OG_244,22,22
OG_245,40,40
OG_246,21,21
OG_247,40,40
OG_248,25,25
OG_249,24,24
OG_250,39,39
OG_251,40,40
OG_252,19,19
OG_253,38,38
OG_254,40,40
OG_255,25,25
OG_256,23,23
OG_257,40,40
OG_258,39,39
OG_259,40,40
OG_260,17,17
OG_261,39,39
OG_262,40,40
OG_263,25,25
OG_264,40,40
OG_265,40,40
OG_266,40,40
OG_267,19,19
OG_268,20,20
OG_269,25,25
OG_270,40,40
OG_271,25,25
OG_272,40,40
OG_273,40,40
OG_274,40,40
OG_275,21,21
OG_276,21,21
OG_277,17,17
OG_278,20,20
OG_279,25,25
OG_280,40,40
OG_281,40,40
OG_282,23,23
OG_283,40,40
OG_284,40,40
OG_285,40,40
OG_286,40,40
OG_287,40,40
OG_288,40,40
OG_289,40,40
OG_290,21,21
OG_291,20,20
OG_292,19,19
OG_293,21,21
OG_294,40,40
OG_295,40,40
OG_296,40,40
OG_297,25,25
OG_298,23,23
OG_299,24,24
OG_300,40,40
OG_301,20,20
OG_302,21,21
OG_303,40,40
OG_304,40,40
OG_305,25,25
OG_306,24,24
OG_307,40,40
OG_308,3,3
OG_309,40,40
OG_310,40,40
OG_311,40,40
OG_312,40,40
OG_313,39,39
OG_314,40,40
OG_315,40,40
OG_316,15,15
OG_317,25,25
OG_318,40,40
OG_319,40,40
OG_320,40,40
OG_321,25,25
OG_322,40,40
OG_323,39,39
OG_324,21,21
OG_325,25,25
OG_326,40,40
OG_327,40,40
OG_328,23,23
OG_329,24,24
OG_330,24,24
OG_331,40,40
OG_332,21,21
OG_333,3,3
OG_334,3,3
OG_335,3,3
OG_336,40,40
OG_337,25,25
OG_338,23,23
OG_339,40,40
OG_340,40,40
OG_341,23,23
OG_342,40,40
OG_343,20,20
OG_344,5,5
OG_345,3,3
OG_346,20,20
OG_347,3,3
OG_348,40,40
OG_349,40,40
OG_350,39,39
OG_351,25,25
OG_352,40,40
OG_353,24,24
OG_354,40,40
OG_355,40,40
OG_356,40,40
OG_357,39,39
OG_358,40,40
OG_359,40,40
OG_360,40,40
OG_361,22,22
OG_362,25,25
OG_363,23,23
OG_364,38,38
OG_365,20,20
OG_366,21,21
OG_367,20,20
OG_368,40,40
OG_369,40,40
OG_370,40,40
OG_371,40,40
OG_372,39,39
OG_373,40,40
OG_374,39,39
OG_375,21,21
OG_376,17,17
OG_377,17,17
OG_378,5,5
OG_379,40,40
OG_380,23,23
OG_381,40,40
OG_382,17,17
OG_383,40,40
OG_384,40,40
OG_385,40,40
OG_386,40,40
OG_387,16,16
OG_388,40,40
OG_389,40,40
OG_390,40,40
OG_391,40,40
OG_392,40,40
OG_393,40,40
OG_394,40,40
OG_395,40,40
OG_396,39,39
OG_397,40,40
OG_398,25,25
OG_399,38,38
OG_400,40,40
OG_401,25,25
OG_402,38,38
OG_403,21,21
OG_404,23,23
OG_405,21,21
OG_406,39,39
OG_407,23,23
OG_408,23,23
OG_409,40,40
OG_410,39,39
OG_411,40,40
OG_412,40,40
OG_413,25,25
OG_414,40,40
OG_415,40,40
OG_416,40,40
OG_417,38,38
OG_418,24,24
OG_419,40,40
OG_420,40,40
OG_421,40,40
OG_422,40,40
OG_423,40,40
OG_424,40,40
OG_425,40,40
OG_426,23,23
OG_427,25,25
OG_428,40,40
OG_429,40,40
OG_430,40,40
OG_431,17,17
OG_432,39,39
OG_433,40,40
OG_434,40,40
OG_435,40,40
OG_436,20,20
OG_437,40,40
OG_438,40,40
OG_439,40,40
OG_440,40,40
OG_441,40,40
OG_442,40,40
OG_443,40,40
OG_444,40,40
OG_445,40,40
OG_446,40,40
OG_447,24,24
OG_448,21,21
OG_449,21,21
OG_450,25,25
OG_451,40,40
OG_452,40,40
OG_453,40,40
OG_454,21,21
OG_455,24,24
OG_456,40,40
OG_457,19,19
OG_458,40,40
OG_459,40,40
OG_460,17,17
OG_461,23,23
OG_462,40,40
OG_463,23,23
OG_464,23,23
OG_465,16,16
OG_466,25,25
OG_467,39,39
OG_468,40,40
OG_469,40,40
OG_470,23,23
OG_471,40,40
OG_472,23,23
OG_473,23,23
OG_474,23,23
OG_475,17,17
OG_476,20,20
OG_477,2,2
OG_478,21,21
OG_479,40,40
OG_480,40,40
OG_481,23,23
OG_482,40,40
OG_483,24,24
OG_484,40,40
OG_485,21,21
OG_486,21,21
OG_487,20,20
OG_488,21,21
OG_489,40,40
OG_490,40,40
OG_491,40,40
OG_492,21,21
OG_493,3,3
OG_494,40,40
OG_495,24,24
OG_496,40,40
OG_497,21,21
OG_498,23,23
OG_499,17,17
OG_500,17,17
OG_501,16,16
OG_502,25,25
OG_503,40,40
OG_504,24,24
OG_505,40,40
OG_506,20,20
OG_507,3,3
OG_508,39,39
OG_509,40,40
OG_510,20,20
OG_511,24,24
OG_512,37,37
OG_513,40,40
OG_514,17,17
OG_515,40,40
OG_516,40,40
OG_517,24,24
OG_518,40,40
OG_519,39,39
OG_520,3,3
OG_521,3,3
OG_522,3,3
OG_523,17,17
OG_524,15,15
OG_525,6,6
OG_526,3,3
OG_527,4,4
OG_528,40,40
OG_529,2,2
OG_530,7,7
OG_531,3,3
OG_532,23,23
OG_533,18,18
OG_534,18,18
OG_535,3,3
OG_536,3,3
OG_537,2,2
OG_538,2,2
OG_539,40,40
OG_540,24,24
OG_541,40,40
OG_542,18,18
OG_543,17,17
OG_544,5,5
OG_545,40,40
OG_546,40,40
OG_547,25,25
OG_548,21,21
OG_549,25,25
OG_550,40,40
OG_551,3,3
OG_552,40,40
OG_553,40,40
OG_554,38,38
OG_555,40,40
OG_556,22,22
OG_557,19,19
OG_558,23,23
OG_559,40,40
OG_560,40,40
OG_561,23,23
OG_562,40,40
OG_563,40,40
OG_564,40,40
OG_565,39,39
OG_566,40,40
OG_567,40,40
OG_568,23,23
OG_569,40,40
OG_570,22,22
OG_571,40,40
OG_572,22,22
OG_573,40,40
OG_574,40,40
OG_575,21,21
OG_576,40,40
OG_577,40,40
OG_578,21,21
OG_579,3,3
OG_580,3,3
OG_581,21,21
OG_582,17,17
OG_583,25,25
OG_584,40,40
OG_585,18,37
OG_586,39,39
OG_587,23,23
OG_588,24,24
OG_589,24,24
OG_590,23,23
OG_591,40,40
OG_592,40,40
OG_593,40,40
OG_594,20,20
OG_595,3,3
OG_596,3,3
OG_597,17,17
OG_598,14,14
OG_599,3,3
OG_600,40,40
OG_601,40,40
OG_602,40,40
OG_603,40,40
OG_604,25,25
OG_605,20,20
OG_606,3,3
OG_607,3,3
OG_608,40,40
OG_609,39,39
OG_610,40,40
OG_611,40,40
OG_612,40,40
OG_613,40,40
OG_614,40,40
OG_615,40,40
OG_616,23,23
OG_617,40,40
OG_618,40,40
OG_619,40,40
OG_620,40,40
OG_621,40,40
OG_622,38,38
OG_623,21,21
OG_624,39,39
OG_625,40,40
OG_626,21,21
OG_627,3,3
OG_628,40,40
OG_629,40,40
OG_630,25,25
OG_631,19,19
OG_632,3,3
OG_633,40,40
OG_634,40,40
OG_635,40,40
OG_636,40,40
OG_637,24,24
OG_638,3,3
OG_639,22,22
OG_640,40,40
OG_641,22,22
OG_642,24,24
OG_643,40,40
OG_644,40,40
OG_645,40,40
OG_646,40,40
OG_647,40,40
OG_648,40,40
OG_649,21,21
OG_650,40,40
OG_651,40,40
OG_652,40,40
OG_653,24,24
OG_654,38,38
OG_655,40,40
OG_656,40,40
OG_657,40,40
OG_658,39,39
OG_659,39,39
OG_660,25,25
OG_661,40,40
OG_662,40,40
OG_663,40,40
OG_664,40,40
OG_665,40,40
OG_666,40,40
OG_667,23,23
OG_668,25,25
OG_669,21,21
OG_670,17,17
OG_671,23,23
OG_672,3,3
OG_673,20,20
OG_674,17,17
OG_675,20,20
OG_676,22,22
OG_677,23,23
OG_678,40,40
OG_679,23,23
OG_680,21,21
OG_681,23,23
OG_682,20,20
OG_683,40,40
OG_684,21,21
OG_685,24,24
OG_686,23,23
OG_687,23,23
OG_688,22,23
OG_689,23,23
OG_690,25,25
OG_691,21,21
OG_692,40,40
OG_693,25,25
OG_694,40,40
OG_695,23,23
OG_696,25,25
OG_697,23,23
OG_698,35,35
OG_699,38,38
OG_700,40,40
OG_701,25,25
OG_702,40,40
OG_703,36,36
OG_704,40,40
OG_705,25,25
OG_706,40,40
OG_707,21,21
OG_708,5,5
OG_709,21,21
OG_710,40,40
OG_711,20,20
OG_712,23,23
OG_713,25,25
OG_714,40,40
OG_715,23,23
OG_716,25,25
OG_717,40,40
OG_718,40,40
OG_719,35,35
OG_720,25,25
OG_721,24,24
OG_722,24,24
OG_723,25,25
OG_724,40,40
OG_725,20,20
OG_726,24,24
OG_727,40,40
OG_728,40,40
OG_729,40,40
OG_730,39,39
OG_731,24,24
OG_732,39,39
OG_733,40,40
OG_734,40,40
OG_735,40,40
OG_736,40,40
OG_737,22,22
OG_738,40,40
OG_739,40,40
OG_740,40,40
OG_741,25,25
OG_742,40,40
OG_743,40,40
OG_744,40,40
OG_745,40,40
OG_746,25,25
OG_747,40,40
OG_748,3,3
OG_749,19,19
OG_750,3,3
OG_751,40,40
OG_752,40,40
OG_753,40,40
OG_754,40,40
OG_755,40,40
OG_756,39,39
OG_757,24,24
OG_758,40,40
OG_759,40,40
OG_760,40,40
OG_761,40,40
OG_762,40,40
OG_763,39,39
OG_764,25,25
OG_765,40,40
OG_766,40,40
OG_767,40,40
OG_768,24,24
OG_769,3,3
OG_770,15,15
OG_771,40,40
OG_772,3,3
OG_773,3,3
OG_774,12,12
OG_775,3,3
OG_776,3,3
OG_777,3,3
OG_778,3,3
OG_779,17,17
OG_780,14,14
OG_781,17,17
OG_782,23,23
OG_783,40,40
OG_784,16,16
OG_785,18,18
OG_786,21,21
OG_787,40,40
OG_788,39,39
OG_789,25,25
OG_790,40,40
OG_791,40,40
OG_792,22,22
OG_793,40,40
OG_794,40,40
OG_795,23,23
OG_796,23,23
OG_797,40,40
OG_798,40,40
OG_799,40,40
OG_800,24,24
OG_801,40,40
OG_802,40,40
OG_803,40,40
OG_804,5,5
OG_805,40,40
OG_806,40,40
OG_807,17,17
OG_808,21,21
OG_809,21,21
OG_810,20,20
OG_811,25,25
OG_812,40,40
OG_813,40,40
OG_814,40,40
OG_815,24,24
OG_816,19,19
OG_817,40,40
OG_818,40,40
OG_819,23,23
OG_820,25,25
OG_821,40,40
OG_822,40,40
OG_823,23,23
OG_824,21,21
OG_825,40,40
OG_826,23,23
OG_827,3,3
OG_828,40,40
OG_829,40,40
OG_830,24,24
OG_831,40,40
OG_832,40,40
OG_833,40,40
OG_834,39,39
OG_835,40,40
OG_836,11,11
OG_837,22,22
OG_838,2,2
OG_839,40,40
OG_840,40,40
OG_841,24,24
OG_842,21,21
OG_843,23,23
OG_844,24,24
OG_845,25,25
OG_846,24,24
OG_847,40,40
OG_848,23,23
OG_849,40,40
OG_850,24,24
OG_851,21,21
OG_852,40,40
OG_853,23,23
OG_854,25,25
OG_855,23,23
OG_856,40,40
OG_857,40,40
OG_858,40,40
OG_859,38,38
OG_860,40,40
OG_861,36,36
OG_862,39,39
OG_863,39,39
OG_864,23,23
OG_865,21,21
OG_866,39,39
OG_867,38,38
OG_868,39,39
OG_869,39,39
OG_870,18,18
OG_871,40,40
OG_872,40,54
OG_873,39,39
OG_874,40,40
OG_875,40,40
OG_876,40,40
OG_877,40,40
OG_878,40,40
OG_879,40,40
OG_880,40,40
OG_881,40,40
OG_882,40,40
OG_883,25,25
OG_884,40,40
OG_885,25,25
OG_886,40,40
OG_887,40,40
OG_888,23,23
OG_889,23,23
OG_890,40,40
OG_891,40,40
OG_892,23,23
OG_893,40,40
OG_894,24,24
OG_895,25,25
OG_896,21,21
OG_897,25,25
OG_898,40,40
OG_899,22,22
OG_900,39,39
OG_901,40,40
OG_902,40,40
OG_903,38,38
OG_904,21,21
OG_905,40,40
OG_906,39,39
OG_907,40,40
OG_908,40,40
OG_909,40,40
OG_910,40,40
OG_911,40,40
OG_912,40,40
OG_913,40,40
OG_914,3,3
OG_915,40,40
OG_916,40,40
OG_917,40,40
OG_918,25,25
OG_919,40,40
OG_920,40,40
OG_921,40,40
OG_922,39,39
OG_923,40,40
OG_924,40,40
OG_925,39,39
OG_926,40,40
OG_927,39,39
OG_928,40,40
OG_929,40,40
OG_930,40,40
OG_931,40,40
OG_932,40,40
OG_933,40,40
OG_934,24,24
OG_935,21,21
OG_936,24,24
OG_937,40,40
OG_938,38,38
OG_939,25,25
OG_940,39,39
OG_941,40,40
OG_942,24,24
OG_943,25,25
OG_944,25,25
OG_945,40,40
OG_946,21,21
OG_947,38,38
OG_948,40,40
OG_949,21,21
OG_950,40,40
OG_951,40,40
OG_952,40,40
OG_953,40,40
OG_954,40,40
OG_955,40,40
OG_956,40,40
OG_957,40,40
OG_958,25,25
OG_959,23,23
OG_960,40,40
OG_961,21,21
OG_962,25,25
OG_963,40,40
OG_964,37,37
OG_965,25,25
OG_966,40,40
OG_967,25,25
OG_968,40,40
OG_969,40,40
OG_970,21,21
OG_971,40,40
OG_972,40,40
OG_973,40,40
OG_974,25,25
OG_975,40,40
OG_976,40,40
OG_977,21,21
OG_978,24,24
OG_979,39,39
OG_980,40,40
OG_981,40,40
OG_982,40,40
OG_983,40,40
OG_984,24,24
OG_985,40,40
OG_986,40,40
OG_987,40,40
OG_988,39,39
OG_989,23,23
OG_990,23,23
OG_991,40,40
OG_992,21,21
OG_993,40,40
OG_994,40,40
OG_995,36,36
OG_996,39,39
OG_997,21,21
OG_998,24,24
OG_999,3,3
OG_1000,40,40
OG_1001,25,25
OG_1002,40,40
OG_1003,20,20
OG_1004,2,2
OG_1005,1,1
OG_1006,1,1
OG_1007,1,1
OG_1008,1,1
OG_1009,1,1
OG_1010,1,1
OG_1011,1,1
OG_1012,1,1
OG_1013,1,1
OG_1014,1,1
OG_1015,1,1
OG_1016,1,1
OG_1017,1,1
OG_1018,1,1
OG_1019,14,14
OG_1020,12,12
OG_1021,1,1
OG_1022,1,1
OG_1023,1,1
OG_1024,14,14
OG_1025,7,7
OG_1026,1,1
OG_1027,2,3
OG_1028,16,16
OG_1029,11,11
OG_1030,8,8
OG_1031,20,20
OG_1032,14,14
OG_1033,2,2
OG_1034,13,13
OG_1035,14,14
OG_1036,2,2
OG_1037,2,2
OG_1038,2,2
OG_1039,2,2
OG_1040,37,37
OG_1041,14,14
OG_1042,14,14
OG_1043,7,7
OG_1044,11,11
OG_1045,35,35
OG_1046,21,21
OG_1047,37,37
OG_1048,37,37
OG_1049,19,19
OG_1050,21,21
OG_1051,17,17
OG_1052,18,18
OG_1053,2,2
OG_1054,16,16
OG_1055,14,14
OG_1056,2,2
OG_1057,9,9
OG_1058,19,19
OG_1059,14,14
OG_1060,11,11
OG_1061,8,8
OG_1062,2,2
OG_1063,17,17
OG_1064,18,18
OG_1065,21,21
OG_1066,15,15
OG_1067,15,15
OG_1068,2,2
OG_1069,1,1
OG_1070,2,2
OG_1071,2,2
OG_1072,2,2
OG_1073,2,2
OG_1074,1,1
OG_1075,1,1
OG_1076,3,3
OG_1077,1,1
OG_1078,1,1
OG_1079,1,1
OG_1080,1,1
OG_1081,1,1
OG_1082,1,1
OG_1083,2,2
OG_1084,1,1
OG_1085,1,1
OG_1086,2,2
OG_1087,2,2
OG_1088,1,1
OG_1089,1,1
OG_1090,2,2
OG_1091,2,2
OG_1092,1,1
OG_1093,1,1
OG_1094,2,2
OG_1095,1,1
OG_1096,1,1
OG_1097,1,1
OG_1098,2,2
OG_1099,1,1
OG_1100,2,2
OG_1101,1,1
OG_1102,1,1
OG_1103,1,1
OG_1104,1,1
OG_1105,1,1
OG_1106,1,1
OG_1107,2,2
OG_1108,2,2
OG_1109,2,2
OG_1110,1,1
OG_1111,1,1
OG_1112,2,2
OG_1113,1,1
OG_1114,1,1
OG_1115,1,1
OG_1116,1,1
OG_1117,1,1
OG_1118,1,1
OG_1119,1,1
OG_1120,1,1
OG_1121,1,1
OG_1122,1,1
OG_1123,2,2
OG_1124,2,2
OG_1125,1,1
OG_1126,2,2
OG_1127,2,2
OG_1128,1,1
OG_1129,1,1
OG_1130,2,2
OG_1131,1,1
OG_1132,2,2
OG_1133,1,1
OG_1134,1,1
OG_1135,1,1
OG_1136,1,1
OG_1137,1,1
OG_1138,1,1
OG_1139,1,1
OG_1140,1,1
OG_1141,1,1
OG_1142,1,1
OG_1143,1,1
OG_1144,2,2
OG_1145,2,2
OG_1146,2,2
OG_1147,2,2
OG_1148,2,2
OG_1149,1,1
OG_1150,1,1
OG_1151,1,1
OG_1152,1,1
OG_1153,3,3
OG_1154,1,1
OG_1155,1,1
OG_1156,2,2
OG_1157,2,2
OG_1158,1,1
OG_1159,2,2
OG_1160,1,1
OG_1161,1,1
OG_1162,2,2
OG_1163,1,1
OG_1164,1,1
OG_1165,1,1
OG_1166,1,1
OG_1167,1,1
OG_1168,1,1
OG_1169,1,1
OG_1170,2,2
OG_1171,1,1
OG_1172,1,1
OG_1173,1,1
OG_1174,1,1
OG_1175,2,2
OG_1176,1,1
OG_1177,1,1
OG_1178,1,1
OG_1179,1,1
OG_1180,2,2
OG_1181,1,1
OG_1182,2,2
OG_1183,1,1
OG_1184,2,2
OG_1185,2,2
OG_1186,2,2
OG_1187,1,1
OG_1188,2,2
OG_1189,1,1
OG_1190,1,1
OG_1191,2,2
OG_1192,1,1
OG_1193,1,1
OG_1194,1,1
OG_1195,1,1
OG_1196,1,1
OG_1197,1,1
OG_1198,1,1
OG_1199,1,1
OG_1200,1,1
OG_1201,1,1
OG_1202,1,1
OG_1203,1,1
OG_1204,1,1
OG_1205,2,2
OG_1206,1,1
OG_1207,2,2
OG_1208,1,1
OG_1209,2,2
OG_1210,2,2
OG_1211,2,2
OG_1212,3,3
OG_1213,3,3
OG_1214,1,1
OG_1215,1,1
OG_1216,3,3
OG_1217,2,2
OG_1218,1,1
OG_1219,1,1
OG_1220,1,1
OG_1221,2,2
OG_1222,1,1
OG_1223,1,1
OG_1224,1,1
OG_1225,1,1
OG_1226,1,1
OG_1227,1,1
OG_1228,1,1
OG_1229,2,2
OG_1230,1,1
OG_1231,1,1
OG_1232,1,1
OG_1233,2,2
OG_1234,1,1
OG_1235,2,2
OG_1236,2,2
OG_1237,1,1
OG_1238,1,1
OG_1239,2,2
OG_1240,2,2
OG_1241,1,1
OG_1242,1,1
OG_1243,2,2
OG_1244,24,24
OG_1245,1,1
OG_1246,2,2
OG_1247,1,1
OG_1248,1,1
OG_1249,1,1
OG_1250,1,1
OG_1251,1,1
OG_1252,1,1
OG_1253,1,1
OG_1254,1,1
OG_1255,2,2
OG_1256,1,1
OG_1257,1,1
OG_1258,2,2
OG_1259,1,1
OG_1260,2,2
OG_1261,1,1
OG_1262,2,2
OG_1263,2,2
OG_1264,2,2
OG_1265,1,1
OG_1266,1,1
OG_1267,2,2
OG_1268,1,1
OG_1269,2,2
OG_1270,1,1
OG_1271,2,2
OG_1272,1,1
OG_1273,2,2
OG_1274,12,12
OG_1275,1,1
OG_1276,1,1
OG_1277,1,1
OG_1278,1,1
OG_1279,1,1
OG_1280,1,1
OG_1281,1,1
OG_1282,1,1
OG_1283,1,1
OG_1284,1,1
OG_1285,1,1
OG_1286,1,1
OG_1287,1,1
OG_1288,1,1
OG_1289,1,1
OG_1290,1,1
OG_1291,1,1
OG_1292,1,1
OG_1293,2,2
OG_1294,1,1
OG_1295,1,1
OG_1296,4,4
OG_1297,1,1
OG_1298,1,1
OG_1299,1,1
OG_1300,12,12
OG_1301,1,1
OG_1302,1,1
OG_1303,1,1
OG_1304,1,1
OG_1305,1,1
OG_1306,1,1
OG_1307,11,13
OG_1308,1,1
OG_1309,1,1
OG_1310,3,3
OG_1311,2,2
OG_1312,1,1
OG_1313,3,3
OG_1314,1,1
OG_1315,3,3
OG_1316,1,1
OG_1317,2,2
OG_1318,2,2
OG_1319,1,1
OG_1320,1,1
OG_1321,1,1
OG_1322,1,1
OG_1323,1,1
OG_1324,1,1
OG_1325,2,2
OG_1326,4,4
OG_1327,1,1
OG_1328,1,1
OG_1329,1,1
OG_1330,1,1
OG_1331,1,1
OG_1332,1,1
OG_1333,1,1
OG_1334,1,1
OG_1335,1,1
OG_1336,3,3
OG_1337,4,4
OG_1338,4,4
OG_1339,3,3
OG_1340,1,1
OG_1341,1,1
OG_1342,3,3
OG_1343,3,3
OG_1344,5,5
OG_1345,1,1
OG_1346,2,2
OG_1347,3,3
OG_1348,4,4
OG_1349,3,3
OG_1350,1,1
OG_1351,1,1
OG_1352,2,3
OG_1353,1,1
OG_1354,2,2
OG_1355,2,2
OG_1356,13,13
OG_1357,3,3
OG_1358,3,3
OG_1359,3,3
OG_1360,12,12
OG_1361,3,3
OG_1362,3,3
OG_1363,3,3
OG_1364,4,4
OG_1365,1,1
OG_1366,1,1
OG_1367,1,1
OG_1368,1,1
OG_1369,4,4
OG_1370,3,3
OG_1371,3,3
OG_1372,1,1
OG_1373,1,1
OG_1374,2,2
OG_1375,1,1
OG_1376,1,1
OG_1377,2,2
OG_1378,1,1
OG_1379,1,1
OG_1380,3,3
OG_1381,1,1
OG_1382,1,1
OG_1383,1,1
OG_1384,1,1
OG_1385,3,3
OG_1386,1,1
OG_1387,3,3
OG_1388,1,1
OG_1389,3,3
OG_1390,4,4
OG_1391,3,3
OG_1392,1,1
OG_1393,1,1
OG_1394,1,1
OG_1395,1,1
OG_1396,1,1
OG_1397,1,1
OG_1398,1,1
OG_1399,2,2
OG_1400,1,1
OG_1401,1,1
OG_1402,1,1
OG_1403,1,1
OG_1404,1,1
OG_1405,1,1
OG_1406,2,2
OG_1407,2,2
OG_1408,1,1
OG_1409,1,1
OG_1410,1,1
OG_1411,1,1
OG_1412,1,1
OG_1413,1,1
OG_1414,1,1
OG_1415,1,1
OG_1416,1,1
OG_1417,2,2
OG_1418,1,1
OG_1419,1,1
OG_1420,1,1
OG_1421,2,2
OG_1422,1,1
OG_1423,1,2
OG_1424,1,1
OG_1425,1,1
OG_1426,1,1
OG_1427,2,2
OG_1428,1,1
OG_1429,1,1
OG_1430,1,1
OG_1431,1,1
OG_1432,2,2
OG_1433,2,2
OG_1434,2,2
OG_1435,1,1
OG_1436,1,1
OG_1437,1,1
OG_1438,1,1
OG_1439,1,1
OG_1440,1,1
OG_1441,2,2
OG_1442,2,2
OG_1443,1,1
OG_1444,1,2
OG_1445,1,1
OG_1446,2,2
OG_1447,1,1
OG_1448,2,2
OG_1449,1,1
OG_1450,1,1
OG_1451,1,1
OG_1452,1,1
OG_1453,1,1
OG_1454,1,1
OG_1455,1,1
OG_1456,1,1
OG_1457,3,3
OG_1458,2,2
OG_1459,2,2
OG_1460,2,2
OG_1461,1,1
OG_1462,2,2
OG_1463,2,2
OG_1464,2,2
OG_1465,1,1
OG_1466,2,2
OG_1467,1,1
OG_1468,1,1
OG_1469,2,2
OG_1470,1,1
OG_1471,1,1
OG_1472,1,1
OG_1473,1,1
OG_1474,1,1
OG_1475,1,1
OG_1476,1,1
OG_1477,1,1
OG_1478,1,1
OG_1479,1,1
OG_1480,1,1
OG_1481,1,1
OG_1482,1,1
OG_1483,1,1
OG_1484,1,1
OG_1485,1,1
OG_1486,1,1
OG_1487,1,1
OG_1488,1,1
OG_1489,1,3
OG_1490,1,1
OG_1491,2,2
OG_1492,1,1
OG_1493,16,16
OG_1494,1,1
OG_1495,1,1
OG_1496,1,1
OG_1497,1,1
OG_1498,1,1
OG_1499,1,1
OG_1500,1,1
OG_1501,1,1
OG_1502,1,1
OG_1503,1,1
OG_1504,1,1
OG_1505,1,1
OG_1506,1,1
OG_1507,1,1
OG_1508,1,1
OG_1509,1,1
OG_1510,1,1
OG_1511,1,1
OG_1512,1,1
OG_1513,1,1
OG_1514,1,1
OG_1515,1,1
OG_1516,1,1
OG_1517,1,1
OG_1518,1,1
OG_1519,1,1
OG_1520,1,1
OG_1521,1,1
OG_1522,1,1
OG_1523,1,1
OG_1524,1,1
OG_1525,1,1
OG_1526,1,1
OG_1527,1,1
OG_1528,1,1
OG_1529,1,1
OG_1530,1,1
OG_1531,1,1
OG_1532,1,1
OG_1533,1,1
OG_1534,1,1
OG_1535,1,1
OG_1536,1,1
OG_1537,1,1
OG_1538,1,1
OG_1539,1,1
OG_1540,1,1
OG_1541,1,1
OG_1542,1,1
OG_1543,1,1
OG_1544,1,1
OG_1545,1,1
OG_1546,1,1
OG_1547,1,1
OG_1548,1,1
OG_1549,1,1
OG_1550,1,1
OG_1551,1,1
OG_1552,1,1
OG_1553,1,1
OG_1554,1,1
OG_1555,16,16
OG_1556,1,1
OG_1557,1,1
OG_1558,1,1
OG_1559,1,1
OG_1560,1,1
OG_1561,1,1
OG_1562,1,1
OG_1563,1,1
OG_1564,1,1
OG_1565,1,1
OG_1566,1,1
OG_1567,1,1
OG_1568,1,1
OG_1569,2,2
OG_1570,1,1
OG_1571,1,1
OG_1572,1,1
OG_1573,1,1
OG_1574,1,1
OG_1575,1,1
OG_1576,1,1
OG_1577,1,1
OG_1578,1,1
OG_1579,1,1
OG_1580,1,1
OG_1581,1,1
OG_1582,1,1
OG_1583,1,1
OG_1584,1,1
OG_1585,1,1
OG_1586,1,1
OG_1587,1,1
OG_1588,1,1
OG_1589,1,1
OG_1590,1,1
OG_1591,1,1
OG_1592,1,1
OG_1593,1,1
OG_1594,1,1
OG_1595,1,1
OG_1596,1,1
OG_1597,1,1
OG_1598,1,1
OG_1599,1,1
OG_1600,1,2
OG_1601,5,10
OG_1602,1,1
OG_1603,1,1
OG_1604,14,14
OG_1605,14,14
OG_1606,15,15
OG_1607,15,15
OG_1608,15,15
OG_1609,15,15
OG_1610,15,15
OG_1611,15,15
OG_1612,15,15
OG_1613,15,15
OG_1614,15,15
OG_1615,15,15
OG_1616,15,15
OG_1617,15,15
OG_1618,15,15
OG_1619,15,15
OG_1620,15,15
OG_1621,15,15
OG_1622,15,15
OG_1623,15,15
OG_1624,15,15
OG_1625,15,15
OG_1626,15,15
OG_1627,15,15
OG_1628,15,15
OG_1629,15,15
OG_1630,15,15
OG_1631,15,15
OG_1632,15,15
OG_1633,15,15
OG_1634,15,15
OG_1635,15,15
OG_1636,15,15
OG_1637,5,5
OG_1638,15,15
OG_1639,15,15
OG_1640,15,15
OG_1641,14,14
OG_1642,15,15
OG_1643,7,7
OG_1644,5,5
OG_1645,15,15
OG_1646,15,15
OG_1647,15,15
OG_1648,15,15
OG_1649,15,15
OG_1650,15,15
OG_1651,15,15
OG_1652,15,15
OG_1653,15,15
OG_1654,14,14
OG_1655,15,15
OG_1656,15,15
OG_1657,15,15
OG_1658,14,14
OG_1659,15,15
OG_1660,5,5
OG_1661,5,5
OG_1662,5,5
OG_1663,15,15
OG_1664,15,15
OG_1665,15,15
OG_1666,5,5
OG_1667,15,15
OG_1668,5,5
OG_1669,15,15
OG_1670,5,5
OG_1671,15,15
OG_1672,15,15
OG_1673,15,15
OG_1674,15,15
OG_1675,6,6
OG_1676,15,15
OG_1677,15,15
OG_1678,15,15
OG_1679,15,15
OG_1680,15,15
OG_1681,14,14
OG_1682,15,15
OG_1683,15,15
OG_1684,15,15
OG_1685,5,5
OG_1686,5,5
OG_1687,15,15
OG_1688,5,5
OG_1689,15,15
OG_1690,15,15
OG_1691,15,15
OG_1692,4,4
OG_1693,5,5
OG_1694,15,15
OG_1695,15,15
OG_1696,15,15
OG_1697,15,15
OG_1698,15,15
OG_1699,15,15
OG_1700,14,14
OG_1701,15,15
OG_1702,15,15
OG_1703,5,5
OG_1704,15,15
OG_1705,15,15
OG_1706,15,15
OG_1707,5,5
OG_1708,5,5
OG_1709,5,5
OG_1710,5,5
OG_1711,5,5
OG_1712,1,1
OG_1713,15,15
OG_1714,15,15
OG_1715,15,15
OG_1716,15,15
OG_1717,10,10
OG_1718,15,15
OG_1719,15,15
OG_1720,14,14
OG_1721,15,15
OG_1722,14,14
OG_1723,14,14
OG_1724,15,15
OG_1725,15,15
OG_1726,5,5
OG_1727,15,15
OG_1728,15,15
OG_1729,3,3
OG_1730,5,5
OG_1731,5,5
OG_1732,5,5
OG_1733,15,15
OG_1734,4,4
OG_1735,3,3
OG_1736,6,6
OG_1737,4,4
OG_1738,5,5
OG_1739,5,5
OG_1740,5,5
OG_1741,15,15
OG_1742,15,15
OG_1743,4,4
OG_1744,15,15
OG_1745,15,15
OG_1746,15,15
OG_1747,15,15
OG_1748,15,15
OG_1749,15,15
OG_1750,5,5
OG_1751,5,5
OG_1752,15,15
OG_1753,5,5
OG_1754,15,15
OG_1755,6,6
OG_1756,15,15
OG_1757,15,15
OG_1758,15,15
OG_1759,15,15
OG_1760,15,15
OG_1761,15,15
OG_1762,6,6
OG_1763,5,5
OG_1764,15,15
OG_1765,15,15
OG_1766,5,5
OG_1767,5,5
OG_1768,5,5
OG_1769,5,5
OG_1770,5,5
OG_1771,5,5
OG_1772,15,15
OG_1773,15,15
OG_1774,15,15
OG_1775,15,15
OG_1776,5,5
OG_1777,15,15
OG_1778,15,15
OG_1779,15,15
OG_1780,15,15
OG_1781,15,15
OG_1782,15,15
OG_1783,15,15
OG_1784,5,5
OG_1785,15,15
OG_1786,15,15
OG_1787,15,15
OG_1788,15,15
OG_1789,15,15
OG_1790,15,15
OG_1791,15,15
OG_1792,15,15
OG_1793,5,5
OG_1794,5,5
OG_1795,15,15
OG_1796,15,15
OG_1797,15,15
OG_1798,15,15
OG_1799,15,15
OG_1800,8,8
OG_1801,5,5
OG_1802,14,14
OG_1803,15,15
OG_1804,15,15
OG_1805,15,15
OG_1806,15,15
OG_1807,15,15
OG_1808,15,15
OG_1809,15,15
OG_1810,15,15
OG_1811,15,15
OG_1812,5,5
OG_1813,15,15
OG_1814,15,15
OG_1815,15,15
OG_1816,6,6
OG_1817,5,5
OG_1818,15,15
OG_1819,15,15
OG_1820,15,15
OG_1821,15,15
OG_1822,15,15
OG_1823,15,15
OG_1824,15,15
OG_1825,15,15
OG_1826,15,15
OG_1827,14,14
OG_1828,15,15
OG_1829,15,15
OG_1830,5,5
OG_1831,15,15
OG_1832,15,15
OG_1833,15,15
OG_1834,15,15
OG_1835,15,15
OG_1836,15,15
OG_1837,15,15
OG_1838,15,15
OG_1839,15,15
OG_1840,5,5
OG_1841,15,15
OG_1842,15,15
OG_1843,15,15
OG_1844,15,15
OG_1845,15,15
OG_1846,15,15
OG_1847,5,5
OG_1848,15,15
OG_1849,15,15
OG_1850,15,15
OG_1851,15,15
OG_1852,15,15
OG_1853,15,15
OG_1854,14,14
OG_1855,15,15
OG_1856,15,15
OG_1857,5,5
OG_1858,15,15
OG_1859,15,15
OG_1860,15,15
OG_1861,14,14
OG_1862,15,15
OG_1863,15,15
OG_1864,5,5
OG_1865,15,15
OG_1866,15,15
OG_1867,14,14
OG_1868,15,15
OG_1869,5,5
OG_1870,13,13
OG_1871,15,15
OG_1872,15,15
OG_1873,15,15
OG_1874,6,6
OG_1875,15,15
OG_1876,15,15
OG_1877,15,15
OG_1878,15,15
OG_1879,15,15
OG_1880,15,15
OG_1881,15,15
OG_1882,15,15
OG_1883,15,15
OG_1884,15,15
OG_1885,15,15
OG_1886,15,15
OG_1887,15,15
OG_1888,15,15
OG_1889,6,6
OG_1890,15,15
OG_1891,15,15
OG_1892,15,15
OG_1893,15,15
OG_1894,15,15
OG_1895,15,15
OG_1896,15,15
OG_1897,14,14
OG_1898,15,15
OG_1899,15,15
OG_1900,15,15
OG_1901,15,15
OG_1902,15,15
OG_1903,15,15
OG_1904,15,15
OG_1905,15,15
OG_1906,6,6
OG_1907,15,15
OG_1908,13,13
OG_1909,15,15
OG_1910,15,15
OG_1911,16,16
OG_1912,15,15
OG_1913,15,15
OG_1914,15,15
OG_1915,15,15
OG_1916,15,15
OG_1917,15,15
OG_1918,15,15
OG_1919,15,15
OG_1920,15,15
OG_1921,15,15
OG_1922,15,15
OG_1923,15,15
OG_1924,15,15
OG_1925,15,15
OG_1926,15,15
OG_1927,15,15
OG_1928,15,15
OG_1929,16,16
OG_1930,14,14
OG_1931,15,15
OG_1932,2,2
OG_1933,1,1
OG_1934,1,1
OG_1935,1,1
OG_1936,1,1
OG_1937,1,1
OG_1938,4,4
OG_1939,4,4
OG_1940,1,1
OG_1941,1,1
OG_1942,1,1
OG_1943,1,1
OG_1944,1,1
OG_1945,1,1
OG_1946,1,1
OG_1947,2,2
OG_1948,1,1
OG_1949,1,1
OG_1950,1,1
OG_1951,2,2
OG_1952,2,2
OG_1953,2,2
OG_1954,1,1
OG_1955,1,1
OG_1956,1,1
OG_1957,1,1
OG_1958,1,1
OG_1959,1,1
OG_1960,1,1
OG_1961,1,1
OG_1962,1,1
OG_1963,1,1
OG_1964,1,1
OG_1965,1,1
OG_1966,1,1
OG_1967,1,1
OG_1968,1,1
OG_1969,1,1
OG_1970,1,1
OG_1971,1,1
OG_1972,1,1
OG_1973,1,1
OG_1974,1,1
OG_1975,1,1
OG_1976,1,1
OG_1977,1,1
OG_1978,1,1
OG_1979,1,1
OG_1980,1,1
OG_1981,1,1
OG_1982,1,1
OG_1983,1,1
OG_1984,1,1
OG_1985,1,1
OG_1986,1,1
OG_1987,1,1
OG_1988,1,1
OG_1989,1,1
OG_1990,1,1
OG_1991,1,1
OG_1992,1,1
OG_1993,1,1
OG_1994,1,1
OG_1995,2,2
OG_1996,1,1
OG_1997,1,1
OG_1998,2,2
OG_1999,1,1
OG_2000,1,1
OG_2001,1,1
OG_2002,1,1
OG_2003,1,1
OG_2004,1,1
OG_2005,1,1
OG_2006,1,1
OG_2007,1,1
OG_2008,1,1
OG_2009,1,1
OG_2010,1,1
OG_2011,1,1
OG_2012,1,1
OG_2013,1,1
OG_2014,1,1
OG_2015,1,1
OG_2016,1,1
OG_2017,1,1
OG_2018,1,1
OG_2019,1,1
OG_2020,1,1
OG_2021,2,2
OG_2022,1,1
OG_2023,1,1
OG_2024,1,1
OG_2025,1,1
OG_2026,2,2
OG_2027,1,1
OG_2028,1,1
OG_2029,1,1
OG_2030,1,1
OG_2031,1,1
OG_2032,1,1
OG_2033,1,1
OG_2034,1,1
OG_2035,1,1
OG_2036,1,1
OG_2037,1,1
OG_2038,1,1
OG_2039,1,1
OG_2040,1,1
OG_2041,1,1
OG_2042,1,1
OG_2043,1,1
OG_2044,1,1
OG_2045,1,1
OG_2046,1,1
OG_2047,1,1
OG_2048,1,1
OG_2049,1,1
OG_2050,1,1
OG_2051,1,1
OG_2052,1,1
OG_2053,1,1
OG_2054,1,1
OG_2055,1,1
OG_2056,1,1
OG_2057,1,1
OG_2058,1,1
OG_2059,1,1
OG_2060,1,1
OG_2061,1,1
OG_2062,1,1
OG_2063,1,1
OG_2064,1,1
OG_2065,1,1
OG_2066,1,1
OG_2067,2,2
OG_2068,1,1
OG_2069,1,1
OG_2070,1,1
OG_2071,1,1
OG_2072,1,1
OG_2073,1,1
OG_2074,2,2
OG_2075,1,1
OG_2076,1,1
OG_2077,2,2
OG_2078,1,1
OG_2079,1,1
OG_2080,1,1
OG_2081,1,1
OG_2082,1,1
OG_2083,2,2
OG_2084,1,1
OG_2085,1,1
OG_2086,1,1
OG_2087,1,1
OG_2088,1,1
OG_2089,1,1
OG_2090,1,1
OG_2091,1,1
OG_2092,1,1
OG_2093,1,1
OG_2094,1,1
OG_2095,1,1
OG_2096,1,1
OG_2097,1,1
OG_2098,1,1
OG_2099,1,1
OG_2100,1,1
OG_2101,1,1
OG_2102,1,1
OG_2103,1,1
OG_2104,1,1
OG_2105,1,1
OG_2106,1,1
OG_2107,1,1
OG_2108,2,2
OG_2109,1,1
OG_2110,1,1
OG_2111,1,1
OG_2112,1,1
OG_2113,2,2
OG_2114,1,1
OG_2115,1,1
OG_2116,1,1
OG_2117,1,1
OG_2118,1,1
OG_2119,1,1
OG_2120,1,1
OG_2121,1,1
OG_2122,1,1
OG_2123,1,1
OG_2124,1,1
OG_2125,1,1
OG_2126,1,1
OG_2127,1,1
OG_2128,1,1
OG_2129,1,1
OG_2130,1,1
OG_2131,1,1
OG_2132,1,1
OG_2133,1,1
OG_2134,1,1
OG_2135,1,1
OG_2136,1,1
OG_2137,1,1
OG_2138,1,1
OG_2139,1,1
OG_2140,1,1
OG_2141,1,1
OG_2142,1,1
OG_2143,1,1
OG_2144,1,1
OG_2145,1,1
OG_2146,1,1
OG_2147,1,1
OG_2148,1,1
OG_2149,1,1
OG_2150,1,1
OG_2151,1,1
OG_2152,1,1
OG_2153,1,1
OG_2154,1,1
OG_2155,1,1
OG_2156,1,1
OG_2157,1,1
OG_2158,1,1
OG_2159,1,1
OG_2160,1,1
OG_2161,1,1
OG_2162,1,1
OG_2163,1,1
OG_2164,1,1
OG_2165,1,1
OG_2166,1,1
OG_2167,1,1
OG_2168,1,1
OG_2169,1,1
OG_2170,1,1
OG_2171,1,1
OG_2172,2,2
OG_2173,1,1
OG_2174,1,1
OG_2175,1,1
OG_2176,1,1
OG_2177,1,1
OG_2178,1,1
OG_2179,1,1
OG_2180,1,1
OG_2181,1,1
OG_2182,1,1
OG_2183,1,1
OG_2184,1,1
OG_2185,1,1
OG_2186,1,1
OG_2187,1,1
OG_2188,1,1
OG_2189,1,1
OG_2190,1,1
OG_2191,1,1
OG_2192,1,1
OG_2193,1,1
OG_2194,1,1
OG_2195,1,1
OG_2196,1,1
OG_2197,1,1
OG_2198,1,1
OG_2199,1,1
OG_2200,1,1
OG_2201,1,1
OG_2202,1,1
OG_2203,1,1
OG_2204,1,1
OG_2205,1,1
OG_2206,1,1
OG_2207,1,1
OG_2208,1,1
OG_2209,1,1
OG_2210,1,1
OG_2211,1,1
OG_2212,1,1
OG_2213,1,1
OG_2214,2,2
OG_2215,1,1
OG_2216,1,1
OG_2217,1,1
OG_2218,1,1
OG_2219,1,1
OG_2220,1,1
OG_2221,1,1
OG_2222,1,1
OG_2223,1,1
OG_2224,1,1
OG_2225,1,1
OG_2226,1,1
OG_2227,1,1
OG_2228,1,1
OG_2229,1,1
OG_2230,1,1
OG_2231,1,1
OG_2232,1,1
OG_2233,1,1
OG_2234,1,1
OG_2235,1,1
OG_2236,1,1
OG_2237,1,1
OG_2238,1,1
OG_2239,1,1
OG_2240,1,1
OG_2241,1,1
OG_2242,1,1
OG_2243,1,1
OG_2244,1,1
OG_2245,1,1
OG_2246,1,1
OG_2247,1,1
OG_2248,1,1
OG_2249,1,1
OG_2250,1,1
OG_2251,1,1
OG_2252,1,1
OG_2253,1,1
OG_2254,1,1
OG_2255,1,1
OG_2256,1,1
OG_2257,1,1
OG_2258,2,2
OG_2259,1,1
OG_2260,1,1
OG_2261,1,1
OG_2262,1,1
OG_2263,1,1
OG_2264,1,1
OG_2265,1,1
OG_2266,1,1
OG_2267,1,1
OG_2268,1,1
OG_2269,1,1
OG_2270,1,1
OG_2271,1,1
OG_2272,1,1
OG_2273,1,1
OG_2274,1,1
OG_2275,1,1
OG_2276,1,1
OG_2277,1,1
OG_2278,1,1
OG_2279,1,1
OG_2280,1,1
OG_2281,1,1
OG_2282,1,1
OG_2283,6,6
OG_2284,5,5
OG_2285,5,5
OG_2286,4,4
OG_2287,5,5
OG_2288,5,5
OG_2289,11,11
OG_2290,7,7
OG_2291,8,8
OG_2292,11,11
OG_2293,1,1
OG_2294,1,1
OG_2295,1,1
OG_2296,1,1
OG_2297,1,1
OG_2298,3,3
OG_2299,5,6
OG_2300,1,1
OG_2301,11,11
OG_2302,5,5
OG_2303,10,10
OG_2304,1,1
OG_2305,4,4
OG_2306,4,4
OG_2307,1,1
OG_2308,2,2
OG_2309,3,3
OG_2310,2,2
OG_2311,1,1
OG_2312,1,1
OG_2313,2,2
OG_2314,1,1
OG_2315,1,1
OG_2316,2,2
OG_2317,2,2
OG_2318,2,2
OG_2319,1,1
OG_2320,1,1
OG_2321,1,1
OG_2322,1,1
OG_2323,1,1
OG_2324,1,1
OG_2325,1,1
OG_2326,1,1
OG_2327,1,1
OG_2328,2,2
OG_2329,2,2
OG_2330,2,2
OG_2331,2,2
OG_2332,2,2
OG_2333,1,1
OG_2334,1,1
OG_2335,2,2
OG_2336,2,2
OG_2337,2,2
OG_2338,2,2
OG_2339,1,1
OG_2340,1,1
OG_2341,1,1
OG_2342,1,1
OG_2343,1,1
OG_2344,2,2
OG_2345,1,1
OG_2346,1,1
OG_2347,1,1
OG_2348,1,1
OG_2349,1,1
OG_2350,1,1
OG_2351,1,1
OG_2352,1,1
OG_2353,1,1
OG_2354,1,1
OG_2355,1,1
OG_2356,1,1
OG_2357,1,1
OG_2358,1,1
OG_2359,1,1
OG_2360,3,3
OG_2361,3,3
OG_2362,3,3
OG_2363,3,3
OG_2364,1,1
OG_2365,1,1
OG_2366,1,1
OG_2367,1,1
OG_2368,1,1
OG_2369,4,4
OG_2370,1,1
OG_2371,1,1
OG_2372,1,1
OG_2373,3,3
OG_2374,3,3
OG_2375,3,3
OG_2376,3,3
OG_2377,3,3
OG_2378,3,3
OG_2379,3,3
OG_2380,3,3
OG_2381,1,1
OG_2382,1,1
OG_2383,1,1
OG_2384,2,2
OG_2385,1,1
OG_2386,1,1
OG_2387,1,1
OG_2388,1,1
OG_2389,1,1
OG_2390,1,1
OG_2391,1,1
OG_2392,1,1
OG_2393,1,1
OG_2394,3,3
OG_2395,3,3
OG_2396,3,3
OG_2397,3,3
OG_2398,3,3
OG_2399,3,3
OG_2400,3,3
OG_2401,3,3
OG_2402,1,1
OG_2403,1,1
OG_2404,1,1
OG_2405,1,1
OG_2406,1,1
OG_2407,1,1
OG_2408,1,1
OG_2409,1,1
OG_2410,1,1
OG_2411,1,1
OG_2412,1,1
OG_2413,1,1
OG_2414,1,1
OG_2415,2,2
OG_2416,2,2
OG_2417,2,2
OG_2418,4,4
OG_2419,1,1
OG_2420,1,1
OG_2421,1,1
OG_2422,1,1
OG_2423,2,2
OG_2424,2,2
OG_2425,2,2
OG_2426,1,1
OG_2427,6,6
OG_2428,1,1
OG_2429,1,1
OG_2430,1,1
OG_2431,1,1
OG_2432,1,1
OG_2433,1,1
OG_2434,1,1
OG_2435,1,1
OG_2436,1,1
OG_2437,1,1
OG_2438,1,1
OG_2439,1,1
OG_2440,1,1
OG_2441,1,1
OG_2442,1,1
OG_2443,1,1
OG_2444,1,1
OG_2445,1,1
OG_2446,1,1
OG_2447,1,1
OG_2448,1,1
OG_2449,1,1
OG_2450,1,1
OG_2451,1,1
OG_2452,1,1
OG_2453,1,1
OG_2454,1,1
OG_2455,1,1
OG_2456,1,1
OG_2457,1,1
OG_2458,1,1
OG_2459,1,1
OG_2460,1,1
OG_2461,1,3
OG_2462,1,2
OG_2463,1,1
OG_2464,1,1
OG_2465,1,2
OG_2466,1,1
OG_2467,1,1
OG_2468,1,1
OG_2469,1,1
OG_2470,1,1
OG_2471,1,1
OG_2472,1,1
OG_2473,1,1
OG_2474,1,1
OG_2475,1,1
OG_2476,1,1
OG_2477,1,1
OG_2478,1,1
OG_2479,1,1
OG_2480,1,1
OG_2481,1,1
OG_2482,1,1
OG_2483,1,1
OG_2484,1,1
OG_2485,1,1
OG_2486,1,1
OG_2487,1,1
OG_2488,1,1
OG_2489,1,1
OG_2490,1,1
OG_2491,1,1
OG_2492,1,1
OG_2493,1,1
OG_2494,1,1
OG_2495,1,1
OG_2496,1,1
OG_2497,1,1
OG_2498,1,1
OG_2499,1,1
OG_2500,1,1
OG_2501,1,1
OG_2502,1,1
OG_2503,1,1
OG_2504,1,1
OG_2505,1,1
OG_2506,1,1
OG_2507,1,1
OG_2508,1,1
OG_2509,1,1
OG_2510,1,1
OG_2511,1,1
OG_2512,1,1
OG_2513,1,1
OG_2514,1,1
OG_2515,1,1
OG_2516,1,1
OG_2517,1,1
OG_2518,1,1
OG_2519,1,1
OG_2520,1,1
OG_2521,1,1
OG_2522,1,1
OG_2523,1,1
OG_2524,1,1
OG_2525,1,1
OG_2526,1,1
OG_2527,1,1
OG_2528,1,1
OG_2529,1,1
OG_2530,1,1
OG_2531,1,1
OG_2532,1,1
OG_2533,1,1
OG_2534,1,1
OG_2535,1,1
OG_2536,1,1
OG_2537,1,1
OG_2538,1,1
OG_2539,1,1
OG_2540,1,1
OG_2541,1,1
OG_2542,1,1
OG_2543,1,1
OG_2544,1,1
OG_2545,1,1
OG_2546,1,1
OG_2547,1,1
OG_2548,1,1
OG_2549,1,1
OG_2550,1,1
OG_2551,1,1
OG_2552,1,1
OG_2553,1,1
OG_2554,1,1
OG_2555,1,1
OG_2556,1,1
OG_2557,1,1
OG_2558,1,1
OG_2559,1,1
OG_2560,1,1
OG_2561,1,1
OG_2562,1,1
OG_2563,1,1
OG_2564,1,1
OG_2565,1,1
OG_2566,1,1
OG_2567,1,1
OG_2568,1,1
OG_2569,1,1
OG_2570,1,1
OG_2571,1,1
OG_2572,1,1
OG_2573,1,1
OG_2574,1,1
OG_2575,1,1
OG_2576,1,1
OG_2577,1,1
OG_2578,1,1
OG_2579,1,1
OG_2580,1,2
OG_2581,1,1
OG_2582,1,1
OG_2583,1,1
OG_2584,1,1
OG_2585,1,1
OG_2586,1,1
OG_2587,1,1
OG_2588,1,1
OG_2589,1,1
OG_2590,1,1
OG_2591,1,1
OG_2592,1,1
OG_2593,1,1
OG_2594,1,1
OG_2595,1,1
OG_2596,1,1
OG_2597,1,1
OG_2598,1,1
OG_2599,1,1
OG_2600,1,1
OG_2601,1,1
OG_2602,1,1
OG_2603,1,1
OG_2604,1,1
OG_2605,1,1
OG_2606,1,1
OG_2607,1,1
OG_2608,1,1
OG_2609,1,1
OG_2610,1,1
OG_2611,1,1
OG_2612,1,1
OG_2613,1,1
OG_2614,1,1
OG_2615,1,1
OG_2616,1,1
OG_2617,1,1
OG_2618,1,1
OG_2619,1,1
OG_2620,1,1
OG_2621,1,1
OG_2622,1,1
OG_2623,1,1
OG_2624,1,1
OG_2625,1,1
OG_2626,1,1
OG_2627,1,1
OG_2628,1,1
OG_2629,1,1
OG_2630,1,1
OG_2631,1,1
OG_2632,1,1
OG_2633,1,1
OG_2634,1,1
OG_2635,1,1
OG_2636,1,1
OG_2637,1,1
OG_2638,1,1
OG_2639,1,1
OG_2640,1,1
OG_2641,1,1
OG_2642,1,1
OG_2643,1,1
OG_2644,1,1
OG_2645,1,1
OG_2646,1,1
OG_2647,1,1
OG_2648,1,1
OG_2649,1,1
OG_2650,1,1
OG_2651,1,1
OG_2652,1,1
OG_2653,1,1
OG_2654,1,1
OG_2655,1,1
OG_2656,1,1
OG_2657,1,1
OG_2658,1,1
OG_2659,1,1
OG_2660,1,1
OG_2661,1,1
OG_2662,1,1
OG_2663,1,1
OG_2664,1,1
OG_2665,1,1
OG_2666,1,1
OG_2667,1,1
OG_2668,1,1
OG_2669,1,1
OG_2670,1,1
OG_2671,1,1
OG_2672,1,1
OG_2673,1,1
OG_2674,1,1
OG_2675,1,1
OG_2676,1,1
OG_2677,1,1
OG_2678,1,1
OG_2679,1,1
OG_2680,1,1
OG_2681,1,1
OG_2682,1,1
OG_2683,1,1
OG_2684,1,1
OG_2685,1,1
OG_2686,1,1
OG_2687,1,1
OG_2688,1,1
OG_2689,1,1
OG_2690,1,1
OG_2691,1,1
OG_2692,1,1
OG_2693,1,1
OG_2694,1,1
OG_2695,1,1
OG_2696,1,1
OG_2697,1,1
OG_2698,1,1
OG_2699,1,1
OG_2700,1,1
OG_2701,1,1
OG_2702,1,1
OG_2703,1,1
OG_2704,1,1
OG_2705,1,1
OG_2706,1,1
OG_2707,1,1
OG_2708,1,1
OG_2709,1,1
OG_2710,1,1
OG_2711,1,1
OG_2712,1,1
OG_2713,1,1
OG_2714,1,1
OG_2715,1,1
OG_2716,1,1
OG_2717,1,1
OG_2718,1,1
OG_2719,1,1
OG_2720,1,1
OG_2721,1,1
OG_2722,1,1
OG_2723,1,1
OG_2724,1,1
OG_2725,1,1
OG_2726,1,1
OG_2727,1,1
OG_2728,1,1
OG_2729,1,1
OG_2730,1,1
OG_2731,1,1
OG_2732,1,1
OG_2733,1,1
OG_2734,1,1
OG_2735,1,1
OG_2736,1,1
OG_2737,1,1
OG_2738,1,1
OG_2739,1,1
OG_2740,1,1
OG_2741,1,1
OG_2742,1,1
OG_2743,1,1
OG_2744,1,1
OG_2745,1,1
OG_2746,1,1
OG_2747,1,1
OG_2748,1,1
OG_2749,1,1
OG_2750,10,10
OG_2751,1,1
OG_2752,1,2
OG_2753,1,1
OG_2754,1,1
OG_2755,1,1
OG_2756,1,1
OG_2757,1,1
OG_2758,1,1
OG_2759,1,1
OG_2760,1,1
OG_2761,10,10
OG_2762,1,1
OG_2763,1,1
OG_2764,1,1
OG_2765,8,8
OG_2766,1,1
OG_2767,1,1
OG_2768,1,1
OG_2769,1,1
OG_2770,1,1
OG_2771,1,1
OG_2772,1,1
OG_2773,1,1
OG_2774,1,1
OG_2775,1,1
OG_2776,1,1
OG_2777,1,1
OG_2778,1,1
OG_2779,1,1
OG_2780,10,10
OG_2781,1,1
OG_2782,1,1
OG_2783,1,1
OG_2784,1,1
OG_2785,1,1
OG_2786,10,10
OG_2787,10,10
OG_2788,1,1
OG_2789,9,9
OG_2790,1,1
OG_2791,1,1
OG_2792,1,1
OG_2793,9,9
OG_2794,9,9
OG_2795,1,1
OG_2796,1,1
OG_2797,1,1
OG_2798,1,1
OG_2799,2,2
OG_2800,2,2
OG_2801,2,2
OG_2802,2,2
OG_2803,2,2
OG_2804,2,2
OG_2805,2,2
OG_2806,2,2
OG_2807,2,2
OG_2808,2,2
OG_2809,2,2
OG_2810,2,2
OG_2811,1,1
OG_2812,1,1
OG_2813,2,2
OG_2814,2,2
OG_2815,2,2
OG_2816,2,2
OG_2817,2,2
OG_2818,1,1
OG_2819,1,1
OG_2820,1,1
OG_2821,1,1
OG_2822,1,1
OG_2823,1,1
OG_2824,1,1
OG_2825,1,1
OG_2826,1,1
OG_2827,1,1
OG_2828,7,7
OG_2829,2,2
OG_2830,2,2
OG_2831,9,9
OG_2832,9,9
OG_2833,9,9
OG_2834,9,9
OG_2835,9,9
OG_2836,2,2
OG_2837,1,1
OG_2838,1,1
OG_2839,2,2
OG_2840,9,9
OG_2841,1,1
OG_2842,1,1
OG_2843,7,7
OG_2844,4,4
OG_2845,9,9
OG_2846,7,7
OG_2847,3,3
OG_2848,2,2
OG_2849,3,3
OG_2850,1,1
OG_2851,1,1
OG_2852,1,1
OG_2853,1,1
OG_2854,2,2
OG_2855,3,3
OG_2856,1,1
OG_2857,1,1
OG_2858,7,7
OG_2859,2,2
OG_2860,2,2
OG_2861,2,2
OG_2862,9,9
OG_2863,9,9
OG_2864,9,9
OG_2865,9,9
OG_2866,9,9
OG_2867,9,9
OG_2868,9,9
OG_2869,9,9
OG_2870,7,7
OG_2871,9,9
OG_2872,9,9
OG_2873,9,9
OG_2874,9,9
OG_2875,9,9
OG_2876,9,9
OG_2877,2,2
OG_2878,2,2
OG_2879,1,1
OG_2880,9,9
OG_2881,9,9
OG_2882,9,9
OG_2883,9,9
OG_2884,1,1
OG_2885,1,1
OG_2886,1,1
OG_2887,1,1
OG_2888,9,9
OG_2889,1,1
OG_2890,9,9
OG_2891,4,4
OG_2892,9,9
OG_2893,9,9
OG_2894,9,9
OG_2895,8,8
OG_2896,1,1
OG_2897,8,8
OG_2898,2,2
OG_2899,9,9
OG_2900,6,6
OG_2901,7,7
OG_2902,1,1
OG_2903,1,1
OG_2904,7,7
OG_2905,1,1
OG_2906,1,1
OG_2907,1,1
OG_2908,2,2
OG_2909,8,8
OG_2910,2,2
OG_2911,2,2
OG_2912,1,1
OG_2913,1,1
OG_2914,2,2
OG_2915,2,2
OG_2916,2,2
OG_2917,2,2
OG_2918,7,7
OG_2919,5,5
OG_2920,2,2
OG_2921,1,1
OG_2922,2,2
OG_2923,1,1
OG_2924,2,2
OG_2925,2,2
OG_2926,8,8
OG_2927,2,2
OG_2928,1,1
OG_2929,1,1
OG_2930,5,5
OG_2931,5,5
OG_2932,5,5
OG_2933,5,5
OG_2934,5,5
OG_2935,3,3
OG_2936,5,5
OG_2937,1,1
OG_2938,1,1
OG_2939,5,5
OG_2940,5,5
OG_2941,6,6
OG_2942,5,5
OG_2943,5,5
OG_2944,5,5
OG_2945,5,5
OG_2946,3,3
OG_2947,4,4
OG_2948,3,3
OG_2949,2,2
OG_2950,2,2
OG_2951,2,2
OG_2952,2,2
OG_2953,2,2
OG_2954,2,2
OG_2955,1,1
OG_2956,1,1
OG_2957,1,1
OG_2958,1,1
OG_2959,1,1
OG_2960,1,1
OG_2961,1,1
OG_2962,1,1
OG_2963,1,1
OG_2964,1,1
OG_2965,1,1
OG_2966,1,1
OG_2967,1,1
OG_2968,1,1
OG_2969,1,1
OG_2970,1,1
OG_2971,1,1
OG_2972,1,1
OG_2973,1,1
OG_2974,1,1
OG_2975,1,1
OG_2976,1,1
OG_2977,1,1
OG_2978,1,1
OG_2979,1,1
OG_2980,1,1
OG_2981,1,1
OG_2982,1,1
OG_2983,1,1
OG_2984,1,1
OG_2985,1,1
OG_2986,1,1
OG_2987,1,1
OG_2988,1,1
OG_2989,1,1
