Genome,AAA,AAC,AAG,AAT,ACA,ACC,ACG,ACT,AGA,AGC,AGG,AGT,ATA,ATC,ATG,ATT,CAA,CAC,CAG,CAT,CCA,CCC,CCG,CCT,CGA,CGC,CGG,CGT,CTA,CTC,CTG,CTT,GAA,GAC,GAG,GAT,GCA,GCC,GCG,GCT,GGA,GGC,GGG,GGT,GTA,GTC,GTG,GTT,TAA,TAC,TAG,TAT,TCA,TCC,TCG,TCT,TGA,TGC,TGG,TGT,TTA,TTC,TTG,TTT
Chlamydia_gallinacea_08-12743,1.0,0.281,0.528,1.0,0.815,0.286,0.403,1.0,0.721,0.139,0.227,0.456,0.269,0.213,1.0,1.0,1.0,0.393,0.542,1.0,0.376,0.4,0.144,1.0,0.314,0.262,0.128,1.0,0.302,0.142,0.089,0.409,1.0,0.241,0.373,1.0,0.446,0.196,0.238,1.0,0.949,0.366,0.514,1.0,0.732,0.23,0.402,1.0,1.0,0.333,0.524,1.0,0.278,0.172,0.172,1.0,0.048,0.385,1.0,1.0,1.0,0.209,0.369,1.0
Chlamydia_muridarum_str._Nigg_isolate_CM009,1.0,0.553,0.56,1.0,0.699,0.279,0.382,1.0,1.0,0.276,0.105,0.25,0.142,0.407,1.0,1.0,1.0,0.605,0.736,1.0,0.42,0.108,0.083,1.0,0.462,0.222,0.146,0.871,0.241,0.235,0.185,0.728,1.0,0.341,0.598,1.0,0.38,0.208,0.229,1.0,1.0,0.344,0.521,0.67,0.45,0.247,0.258,1.0,1.0,0.575,0.478,1.0,0.208,0.276,0.13,1.0,0.043,0.604,1.0,1.0,1.0,0.667,0.981,1.0
Chlamydia_crocodili_strain_No._12,1.0,0.351,0.486,1.0,0.902,0.295,0.303,1.0,0.911,0.267,0.167,0.388,0.266,0.369,1.0,1.0,1.0,0.494,0.543,1.0,0.404,0.185,0.11,1.0,0.267,0.3,0.05,1.0,0.351,0.111,0.087,0.519,1.0,0.294,0.364,1.0,0.388,0.179,0.144,1.0,0.876,0.455,0.257,1.0,0.486,0.211,0.343,1.0,1.0,0.516,0.458,1.0,0.406,0.224,0.097,1.0,0.021,0.44,1.0,1.0,1.0,0.411,0.558,1.0
Chlamydia_psittaci_01DC11,1.0,0.439,0.486,1.0,1.0,0.411,0.25,0.952,0.773,0.312,0.166,0.388,0.262,0.484,1.0,1.0,1.0,0.722,0.381,1.0,0.416,0.136,0.065,1.0,0.271,0.32,0.061,1.0,0.354,0.154,0.133,0.574,1.0,0.408,0.365,1.0,0.439,0.204,0.123,1.0,0.83,0.485,0.33,1.0,0.598,0.268,0.317,1.0,1.0,0.652,0.565,1.0,0.365,0.253,0.1,1.0,0.022,0.75,1.0,1.0,1.0,0.453,0.559,1.0
Chlamydia_muridarum_str._Nigg_isolate_CM008,1.0,0.553,0.56,1.0,0.699,0.279,0.382,1.0,1.0,0.276,0.105,0.25,0.142,0.407,1.0,1.0,1.0,0.605,0.736,1.0,0.42,0.108,0.083,1.0,0.462,0.222,0.146,0.871,0.241,0.235,0.185,0.728,1.0,0.341,0.598,1.0,0.38,0.208,0.229,1.0,1.0,0.344,0.521,0.67,0.45,0.247,0.258,1.0,1.0,0.575,0.478,1.0,0.208,0.276,0.13,1.0,0.043,0.604,1.0,1.0,1.0,0.667,0.981,1.0
Chlamydia_abortus_strain_GIMC_2006CabB577,1.0,0.383,0.456,1.0,1.0,0.417,0.308,0.967,0.845,0.317,0.161,0.416,0.271,0.488,1.0,1.0,1.0,0.74,0.417,1.0,0.391,0.185,0.073,1.0,0.299,0.356,0.069,1.0,0.399,0.122,0.154,0.585,1.0,0.405,0.35,1.0,0.446,0.207,0.146,1.0,0.855,0.538,0.376,1.0,0.597,0.358,0.403,1.0,1.0,0.602,0.636,1.0,0.385,0.323,0.093,1.0,0.023,0.69,1.0,1.0,1.0,0.394,0.617,1.0
Chlamydia_muridarum_str._Nigg_isolate_CM001,1.0,0.553,0.56,1.0,0.699,0.279,0.382,1.0,1.0,0.276,0.105,0.25,0.142,0.407,1.0,1.0,1.0,0.605,0.736,1.0,0.42,0.108,0.083,1.0,0.462,0.222,0.146,0.871,0.241,0.235,0.185,0.728,1.0,0.341,0.598,1.0,0.38,0.208,0.229,1.0,1.0,0.344,0.521,0.67,0.45,0.247,0.258,1.0,1.0,0.575,0.478,1.0,0.208,0.276,0.13,1.0,0.043,0.604,1.0,1.0,1.0,0.667,0.981,1.0
Chlamydia_felis_FeC-56,1.0,0.482,0.484,1.0,0.866,0.449,0.339,1.0,0.938,0.345,0.153,0.299,0.247,0.468,1.0,1.0,1.0,0.684,0.432,1.0,0.397,0.281,0.082,1.0,0.318,0.415,0.051,1.0,0.345,0.196,0.175,0.577,1.0,0.393,0.429,1.0,0.416,0.23,0.162,1.0,0.934,0.455,0.354,1.0,0.562,0.322,0.364,1.0,1.0,0.644,0.542,1.0,0.299,0.266,0.136,1.0,0.021,0.786,1.0,1.0,1.0,0.496,0.691,1.0
Chlamydia_buteonis_strain_IDL17-4553,1.0,0.352,0.503,1.0,1.0,0.369,0.344,1.0,0.765,0.305,0.193,0.379,0.261,0.424,1.0,1.0,1.0,0.623,0.422,1.0,0.4,0.193,0.113,1.0,0.289,0.31,0.064,1.0,0.395,0.115,0.115,0.6,1.0,0.385,0.398,1.0,0.415,0.201,0.156,1.0,0.793,0.5,0.404,1.0,0.531,0.233,0.357,1.0,1.0,0.545,0.609,1.0,0.373,0.254,0.085,1.0,0.022,0.471,1.0,1.0,1.0,0.34,0.615,1.0
Chlamydia_abortus_strain_NL2354-2D,1.0,0.383,0.457,1.0,1.0,0.437,0.336,0.958,0.856,0.314,0.161,0.421,0.265,0.486,1.0,1.0,1.0,0.764,0.395,1.0,0.388,0.171,0.086,1.0,0.293,0.362,0.069,1.0,0.404,0.128,0.154,0.574,1.0,0.391,0.353,1.0,0.44,0.202,0.142,1.0,0.866,0.532,0.366,1.0,0.596,0.351,0.404,1.0,1.0,0.591,0.636,1.0,0.39,0.327,0.094,1.0,0.023,0.667,1.0,1.0,1.0,0.411,0.612,1.0
Chlamydia_avium_10DC88,1.0,0.26,0.554,1.0,0.693,0.204,0.263,1.0,0.816,0.229,0.291,0.439,0.298,0.246,1.0,1.0,1.0,0.36,0.419,1.0,0.292,0.229,0.097,1.0,0.361,0.285,0.108,1.0,0.327,0.115,0.062,0.438,1.0,0.206,0.451,1.0,0.546,0.201,0.192,1.0,1.0,0.337,0.509,0.954,0.601,0.202,0.359,1.0,1.0,0.231,0.292,1.0,0.452,0.242,0.115,1.0,0.083,0.241,1.0,1.0,1.0,0.285,0.442,1.0
Chlamydia_abortus_strain_162STDY5437294,1.0,0.383,0.455,1.0,1.0,0.417,0.308,0.967,0.845,0.317,0.161,0.416,0.27,0.486,1.0,1.0,1.0,0.74,0.417,1.0,0.393,0.193,0.073,1.0,0.293,0.356,0.069,1.0,0.406,0.123,0.155,0.588,1.0,0.412,0.35,1.0,0.443,0.207,0.15,1.0,0.849,0.538,0.382,1.0,0.604,0.36,0.4,1.0,1.0,0.602,0.636,1.0,0.385,0.323,0.093,1.0,0.023,0.69,1.0,1.0,1.0,0.394,0.62,1.0
Chlamydia_psittaci_6BC,1.0,0.433,0.484,1.0,1.0,0.408,0.248,0.944,0.773,0.312,0.16,0.388,0.262,0.484,1.0,1.0,1.0,0.722,0.381,1.0,0.416,0.136,0.065,1.0,0.271,0.32,0.061,1.0,0.354,0.154,0.133,0.574,1.0,0.41,0.365,1.0,0.437,0.203,0.122,1.0,0.826,0.482,0.328,1.0,0.598,0.268,0.317,1.0,1.0,0.652,0.636,1.0,0.365,0.253,0.1,1.0,0.023,0.75,1.0,1.0,1.0,0.453,0.559,1.0
Chlamydia_pecorum_E58,1.0,0.39,0.698,1.0,1.0,0.521,0.427,0.969,0.951,0.246,0.437,0.322,0.227,0.354,1.0,1.0,1.0,0.458,0.608,1.0,0.406,0.152,0.13,1.0,0.542,0.415,0.134,1.0,0.221,0.163,0.093,0.797,1.0,0.176,0.692,1.0,0.555,0.163,0.29,1.0,1.0,0.376,0.523,0.675,0.521,0.25,0.377,1.0,1.0,0.283,0.458,1.0,0.213,0.23,0.153,1.0,0.042,0.268,1.0,1.0,1.0,0.327,0.785,1.0
Chlamydia_muridarum_str._Nigg_isolate_CM021,1.0,0.553,0.56,1.0,0.699,0.279,0.382,1.0,1.0,0.276,0.105,0.25,0.142,0.407,1.0,1.0,1.0,0.605,0.736,1.0,0.42,0.108,0.083,1.0,0.462,0.222,0.146,0.871,0.241,0.235,0.185,0.728,1.0,0.341,0.598,1.0,0.38,0.208,0.229,1.0,1.0,0.344,0.521,0.67,0.45,0.247,0.258,1.0,1.0,0.575,0.478,1.0,0.208,0.276,0.13,1.0,0.043,0.604,1.0,1.0,1.0,0.667,0.981,1.0
Chlamydia_abortus_strain_NL2335-4C,1.0,0.383,0.457,1.0,1.0,0.437,0.336,0.958,0.856,0.314,0.161,0.421,0.265,0.486,1.0,1.0,1.0,0.764,0.395,1.0,0.388,0.171,0.086,1.0,0.293,0.362,0.069,1.0,0.404,0.128,0.154,0.574,1.0,0.391,0.353,1.0,0.44,0.202,0.142,1.0,0.866,0.532,0.366,1.0,0.596,0.351,0.404,1.0,1.0,0.591,0.636,1.0,0.39,0.327,0.094,1.0,0.023,0.667,1.0,1.0,1.0,0.411,0.612,1.0
Chlamydia_muridarum_str._Nigg,1.0,0.553,0.56,1.0,0.699,0.279,0.382,1.0,1.0,0.276,0.105,0.25,0.142,0.407,1.0,1.0,1.0,0.605,0.736,1.0,0.42,0.108,0.083,1.0,0.462,0.222,0.146,0.871,0.241,0.235,0.185,0.728,1.0,0.341,0.598,1.0,0.38,0.208,0.229,1.0,1.0,0.344,0.521,0.665,0.45,0.247,0.258,1.0,1.0,0.575,0.478,1.0,0.208,0.276,0.13,1.0,0.043,0.604,1.0,1.0,1.0,0.667,0.981,1.0
Chlamydia_caviae_GPIC,1.0,0.467,0.422,1.0,1.0,0.521,0.274,0.983,0.994,0.342,0.151,0.31,0.227,0.523,1.0,1.0,1.0,0.649,0.562,1.0,0.418,0.124,0.059,1.0,0.325,0.428,0.03,1.0,0.29,0.154,0.112,0.481,1.0,0.294,0.384,1.0,0.394,0.18,0.187,1.0,0.902,0.497,0.321,1.0,0.486,0.239,0.327,1.0,1.0,0.651,0.4,1.0,0.361,0.342,0.135,1.0,0.02,0.551,1.0,1.0,1.0,0.527,0.551,1.0
Chlamydia_poikilotherma_strain_S15-834K,1.0,0.405,0.449,1.0,0.866,0.354,0.346,1.0,0.922,0.253,0.168,0.386,0.258,0.406,1.0,1.0,1.0,0.549,0.514,1.0,0.377,0.143,0.084,1.0,0.296,0.296,0.039,1.0,0.338,0.11,0.1,0.514,1.0,0.297,0.331,1.0,0.435,0.245,0.175,1.0,0.903,0.503,0.282,1.0,0.508,0.217,0.295,1.0,1.0,0.474,0.522,1.0,0.434,0.205,0.072,1.0,0.022,0.44,1.0,1.0,1.0,0.538,0.524,1.0
Chlamydia_abortus_strain_1B_cevac,1.0,0.383,0.455,1.0,1.0,0.417,0.308,0.967,0.845,0.317,0.161,0.416,0.27,0.486,1.0,1.0,1.0,0.74,0.417,1.0,0.393,0.193,0.073,1.0,0.293,0.356,0.069,1.0,0.406,0.123,0.155,0.588,1.0,0.412,0.35,1.0,0.443,0.207,0.15,1.0,0.849,0.538,0.382,1.0,0.604,0.36,0.4,1.0,1.0,0.602,0.636,1.0,0.385,0.323,0.093,1.0,0.023,0.69,1.0,1.0,1.0,0.394,0.62,1.0
Chlamydia_trachomatis_L2b820007,1.0,0.547,0.585,1.0,0.622,0.289,0.4,1.0,1.0,0.289,0.106,0.25,0.134,0.584,1.0,1.0,1.0,0.722,0.705,1.0,0.378,0.103,0.077,1.0,0.419,0.201,0.134,0.81,0.303,0.283,0.309,0.651,1.0,0.352,0.689,1.0,0.351,0.159,0.199,1.0,1.0,0.329,0.479,0.681,0.468,0.275,0.294,1.0,1.0,0.649,0.833,1.0,0.222,0.228,0.139,1.0,0.056,0.881,1.0,1.0,0.993,0.669,1.0,1.0
Chlamydia_psittaci_strain_GIMC_2005CpsCP1,1.0,0.433,0.484,1.0,1.0,0.408,0.248,0.944,0.773,0.312,0.16,0.388,0.262,0.484,1.0,1.0,1.0,0.722,0.381,1.0,0.416,0.136,0.065,1.0,0.271,0.32,0.061,1.0,0.354,0.154,0.133,0.574,1.0,0.408,0.365,1.0,0.439,0.204,0.123,1.0,0.826,0.482,0.328,1.0,0.598,0.268,0.317,1.0,1.0,0.652,0.636,1.0,0.365,0.253,0.1,1.0,0.023,0.75,1.0,1.0,1.0,0.453,0.559,1.0
Chlamydia_psittaci_strain_GIMC_2003Cps25SM,1.0,0.433,0.484,1.0,1.0,0.408,0.248,0.944,0.773,0.312,0.16,0.388,0.262,0.484,1.0,1.0,1.0,0.722,0.381,1.0,0.416,0.136,0.065,1.0,0.271,0.32,0.061,1.0,0.354,0.154,0.133,0.574,1.0,0.408,0.365,1.0,0.439,0.204,0.123,1.0,0.826,0.482,0.328,1.0,0.598,0.268,0.317,1.0,1.0,0.652,0.636,1.0,0.365,0.253,0.1,1.0,0.023,0.75,1.0,1.0,1.0,0.453,0.559,1.0
Chlamydia_psittaci_strain_Ful127,1.0,0.442,0.485,1.0,1.0,0.408,0.248,0.944,0.769,0.312,0.165,0.388,0.262,0.484,1.0,1.0,1.0,0.722,0.399,1.0,0.418,0.144,0.065,1.0,0.269,0.313,0.06,1.0,0.356,0.155,0.134,0.577,1.0,0.408,0.365,1.0,0.44,0.208,0.123,1.0,0.826,0.482,0.328,1.0,0.598,0.268,0.317,1.0,1.0,0.652,0.636,1.0,0.365,0.253,0.1,1.0,0.023,0.75,1.0,1.0,1.0,0.453,0.567,1.0
Chlamydia_trachomatis_L1115,1.0,0.536,0.584,1.0,0.627,0.299,0.403,1.0,1.0,0.289,0.106,0.25,0.134,0.584,1.0,1.0,1.0,0.722,0.705,1.0,0.378,0.103,0.077,1.0,0.419,0.201,0.134,0.81,0.301,0.281,0.307,0.647,1.0,0.352,0.685,1.0,0.35,0.155,0.198,1.0,1.0,0.329,0.479,0.681,0.468,0.275,0.294,1.0,1.0,0.649,0.833,1.0,0.222,0.228,0.139,1.0,0.056,0.881,1.0,1.0,0.98,0.669,1.0,1.0
Chlamydia_psittaci_strain_NRM_isolate_NRM_5,1.0,0.433,0.489,1.0,1.0,0.411,0.25,0.952,0.768,0.3,0.16,0.406,0.261,0.479,1.0,1.0,1.0,0.736,0.385,1.0,0.424,0.152,0.073,1.0,0.276,0.315,0.061,1.0,0.345,0.157,0.132,0.569,1.0,0.408,0.36,1.0,0.447,0.209,0.131,1.0,0.811,0.474,0.342,1.0,0.602,0.275,0.32,1.0,1.0,0.626,0.714,1.0,0.359,0.259,0.1,1.0,0.024,0.75,1.0,1.0,1.0,0.439,0.553,1.0
Chlamydia_psittaci_strain_AMK,1.0,0.419,0.493,1.0,1.0,0.407,0.276,0.951,0.782,0.318,0.162,0.371,0.267,0.465,1.0,1.0,1.0,0.722,0.386,1.0,0.416,0.136,0.065,1.0,0.274,0.324,0.067,1.0,0.354,0.159,0.149,0.564,1.0,0.408,0.353,1.0,0.444,0.208,0.123,1.0,0.831,0.482,0.328,1.0,0.6,0.278,0.318,1.0,1.0,0.615,0.667,1.0,0.365,0.253,0.112,1.0,0.048,0.651,1.0,1.0,1.0,0.449,0.564,1.0
Chlamydia_trachomatis_strain_E-32931,1.0,0.59,0.578,1.0,0.631,0.284,0.383,1.0,1.0,0.291,0.103,0.259,0.127,0.592,1.0,1.0,1.0,0.757,0.692,1.0,0.391,0.099,0.062,1.0,0.44,0.201,0.114,0.788,0.304,0.273,0.292,0.658,1.0,0.366,0.683,1.0,0.353,0.17,0.202,1.0,1.0,0.35,0.465,0.724,0.493,0.268,0.271,1.0,1.0,0.649,0.789,1.0,0.212,0.233,0.143,1.0,0.053,0.844,1.0,1.0,1.0,0.685,0.957,1.0
Chlamydia_trachomatis_RC-L255,1.0,0.559,0.584,1.0,0.634,0.299,0.396,1.0,1.0,0.289,0.106,0.25,0.134,0.582,1.0,1.0,1.0,0.722,0.699,1.0,0.376,0.096,0.076,1.0,0.419,0.201,0.128,0.81,0.301,0.281,0.307,0.647,1.0,0.352,0.685,1.0,0.35,0.155,0.198,1.0,1.0,0.33,0.486,0.684,0.47,0.276,0.295,1.0,1.0,0.649,0.833,1.0,0.222,0.228,0.139,1.0,0.056,0.881,1.0,1.0,1.0,0.669,0.98,1.0
Chlamydia_trachomatis_EBour,1.0,0.59,0.578,1.0,0.631,0.284,0.383,1.0,1.0,0.291,0.103,0.259,0.127,0.592,1.0,1.0,1.0,0.757,0.692,1.0,0.391,0.099,0.062,1.0,0.44,0.201,0.114,0.788,0.304,0.273,0.292,0.658,1.0,0.366,0.683,1.0,0.353,0.17,0.202,1.0,1.0,0.35,0.465,0.724,0.493,0.268,0.271,1.0,1.0,0.649,0.789,1.0,0.212,0.233,0.143,1.0,0.053,0.844,1.0,1.0,1.0,0.685,0.957,1.0
Chlamydia_trachomatis_strain_QH111L,1.0,0.559,0.584,1.0,0.613,0.292,0.394,1.0,1.0,0.278,0.107,0.261,0.136,0.585,1.0,1.0,1.0,0.662,0.651,1.0,0.386,0.095,0.057,1.0,0.433,0.208,0.135,0.809,0.307,0.288,0.301,0.627,1.0,0.318,0.693,1.0,0.357,0.173,0.211,1.0,1.0,0.31,0.472,0.681,0.465,0.275,0.289,1.0,1.0,0.671,0.833,1.0,0.217,0.228,0.15,1.0,0.056,0.837,1.0,1.0,0.974,0.691,1.0,1.0
Chlamydia_psittaci_strain_GIMC_2004CpsAP23,1.0,0.433,0.484,1.0,1.0,0.408,0.248,0.944,0.773,0.312,0.16,0.388,0.262,0.484,1.0,1.0,1.0,0.722,0.381,1.0,0.416,0.136,0.065,1.0,0.271,0.32,0.061,1.0,0.354,0.154,0.133,0.574,1.0,0.408,0.365,1.0,0.439,0.204,0.123,1.0,0.826,0.482,0.328,1.0,0.598,0.268,0.317,1.0,1.0,0.652,0.636,1.0,0.365,0.253,0.1,1.0,0.023,0.75,1.0,1.0,1.0,0.453,0.559,1.0
Chlamydia_psittaci_MN,1.0,0.43,0.486,1.0,1.0,0.411,0.25,0.952,0.768,0.304,0.166,0.398,0.261,0.479,1.0,1.0,1.0,0.736,0.394,1.0,0.424,0.152,0.073,1.0,0.282,0.315,0.061,1.0,0.343,0.157,0.131,0.571,1.0,0.408,0.36,1.0,0.447,0.209,0.131,1.0,0.811,0.474,0.342,1.0,0.602,0.275,0.32,1.0,1.0,0.626,0.714,1.0,0.357,0.257,0.099,1.0,0.024,0.75,1.0,1.0,1.0,0.439,0.551,1.0
Chlamydia_suis_isolate_4-29b,1.0,0.517,0.517,1.0,0.627,0.398,0.492,1.0,1.0,0.286,0.13,0.238,0.156,0.482,1.0,1.0,1.0,0.671,0.767,1.0,0.372,0.182,0.122,1.0,0.528,0.273,0.124,0.857,0.208,0.182,0.308,0.742,1.0,0.391,0.595,1.0,0.345,0.246,0.228,1.0,1.0,0.338,0.604,0.628,0.427,0.277,0.341,1.0,1.0,0.557,0.65,1.0,0.195,0.265,0.135,1.0,0.05,0.717,1.0,1.0,0.893,0.476,1.0,1.0
Chlamydia_psittaci_WSRTE30,1.0,0.459,0.486,1.0,1.0,0.418,0.262,0.984,0.798,0.312,0.158,0.381,0.265,0.47,1.0,1.0,1.0,0.716,0.392,1.0,0.413,0.135,0.071,1.0,0.273,0.317,0.066,1.0,0.367,0.173,0.133,0.592,1.0,0.409,0.369,1.0,0.452,0.209,0.12,1.0,0.841,0.473,0.313,1.0,0.587,0.276,0.311,1.0,1.0,0.637,0.636,1.0,0.381,0.261,0.102,1.0,0.023,0.775,1.0,1.0,1.0,0.42,0.566,1.0
Chlamydia_trachomatis_strain_tet9,1.0,0.547,0.584,1.0,0.634,0.299,0.396,1.0,1.0,0.289,0.106,0.25,0.134,0.582,1.0,1.0,1.0,0.722,0.705,1.0,0.378,0.103,0.077,1.0,0.419,0.201,0.134,0.81,0.303,0.283,0.309,0.651,1.0,0.352,0.685,1.0,0.351,0.159,0.199,1.0,1.0,0.33,0.486,0.684,0.47,0.276,0.295,1.0,1.0,0.649,0.833,1.0,0.222,0.228,0.139,1.0,0.056,0.881,1.0,1.0,0.993,0.669,1.0,1.0
Chlamydia_trachomatis_L2bUCH-2,1.0,0.547,0.585,1.0,0.622,0.289,0.4,1.0,1.0,0.289,0.106,0.25,0.134,0.584,1.0,1.0,1.0,0.722,0.705,1.0,0.378,0.103,0.077,1.0,0.419,0.201,0.134,0.81,0.303,0.283,0.309,0.651,1.0,0.352,0.689,1.0,0.351,0.159,0.199,1.0,1.0,0.329,0.479,0.681,0.468,0.275,0.294,1.0,1.0,0.649,0.833,1.0,0.222,0.228,0.139,1.0,0.056,0.881,1.0,1.0,0.993,0.669,1.0,1.0
Chlamydia_trachomatis_A2497,1.0,0.547,0.579,1.0,0.626,0.281,0.403,1.0,1.0,0.274,0.103,0.258,0.143,0.601,1.0,1.0,1.0,0.684,0.646,1.0,0.368,0.092,0.061,1.0,0.44,0.201,0.13,0.804,0.301,0.288,0.308,0.628,1.0,0.338,0.689,1.0,0.355,0.166,0.209,1.0,1.0,0.314,0.48,0.664,0.471,0.272,0.286,1.0,1.0,0.689,0.789,1.0,0.215,0.22,0.151,1.0,0.053,0.804,1.0,1.0,0.987,0.683,1.0,1.0
Chlamydophila_parapsittaci_strain_Rostinovo-70,1.0,0.419,0.493,1.0,1.0,0.407,0.276,0.951,0.782,0.318,0.162,0.371,0.267,0.465,1.0,1.0,1.0,0.722,0.386,1.0,0.416,0.136,0.065,1.0,0.274,0.324,0.067,1.0,0.354,0.159,0.149,0.564,1.0,0.408,0.353,1.0,0.444,0.208,0.123,1.0,0.831,0.482,0.328,1.0,0.6,0.278,0.318,1.0,1.0,0.615,0.667,1.0,0.365,0.253,0.112,1.0,0.048,0.651,1.0,1.0,1.0,0.449,0.564,1.0
Chlamydia_serpentis_strain_H15-1957-10C,1.0,0.271,0.428,1.0,0.961,0.32,0.25,1.0,0.709,0.165,0.223,0.388,0.24,0.301,1.0,1.0,1.0,0.333,0.363,1.0,0.411,0.26,0.082,1.0,0.383,0.314,0.103,1.0,0.351,0.211,0.149,0.593,1.0,0.279,0.322,1.0,0.486,0.198,0.107,1.0,1.0,0.324,0.435,0.797,0.67,0.317,0.304,1.0,1.0,0.314,0.308,1.0,0.34,0.165,0.149,1.0,0.038,0.346,1.0,1.0,1.0,0.363,0.5,1.0
