Genome,ORFs count
Chlamydia_gallinacea_08-12743,909
Chlamydia_poikilotherma_strain_S15-834K,1000
Chlamydia_muridarum_str._Nigg,893
Chlamydia_muridarum_str._Nigg_isolate_CM001,900
Chlamydia_muridarum_str._Nigg_isolate_CM009,894
Chlamydia_muridarum_str._Nigg_isolate_CM008,892
Chlamydia_psittaci_strain_Ful127,991
Chlamydia_abortus_strain_NL2335-4C,994
Chlamydia_avium_10DC88,947
Chlamydia_buteonis_strain_IDL17-4553,986
Chlamydia_abortus_strain_162STDY5437294,1006
Chlamydia_abortus_strain_NL2354-2D,991
Chlamydia_abortus_strain_GIMC_2006CabB577,1010
Chlamydia_abortus_strain_1B_cevac,1007
Chlamydia_felis_FeC-56,986
Chlamydia_psittaci_strain_NRM_isolate_NRM_5,993
Chlamydia_suis_isolate_4-29b,920
Chlamydia_psittaci_strain_AMK,996
Chlamydia_trachomatis_EBour,901
Chlamydia_psittaci_WSRTE30,1002
Chlamydia_pecorum_E58,943
Chlamydia_muridarum_str._Nigg_isolate_CM021,902
Chlamydia_psittaci_6BC,989
Chlamydia_psittaci_strain_GIMC_2004CpsAP23,994
Chlamydia_psittaci_strain_GIMC_2005CpsCP1,995
Chlamydia_psittaci_01DC11,997
Chlamydia_crocodili_strain_No._12,1033
Chlamydia_psittaci_MN,1005
Chlamydia_trachomatis_L1115,893
Chlamydia_trachomatis_strain_E-32931,905
Chlamydia_trachomatis_L2b820007,894
Chlamydia_trachomatis_strain_tet9,913
Chlamydia_serpentis_strain_H15-1957-10C,1005
Chlamydia_psittaci_strain_GIMC_2003Cps25SM,991
Chlamydia_caviae_GPIC,993
Chlamydia_trachomatis_L2bUCH-2,894
Chlamydia_trachomatis_RC-L255,897
Chlamydia_trachomatis_strain_QH111L,892
Chlamydia_trachomatis_A2497,904
Chlamydophila_parapsittaci_strain_Rostinovo-70,992
