OG_name,Ecoli_APEC_O1,Ecoli_JJ1886,Ecoli_UMN026,Sboydii_Sb227,Sflexneri_5_8401
OG_0,1,1,1,1,1
OG_1,1,1,1,1,1
OG_2,1,1,1,1,1
OG_3,1,1,1,1,1
OG_4,1,1,1,1,1
OG_5,1,1,1,1,1
OG_6,1,1,1,1,1
OG_7,1,1,1,1,1
OG_8,1,1,1,1,1
OG_9,1,1,1,1,1
OG_10,1,1,1,0,1
OG_11,1,1,1,1,1
OG_12,1,1,1,1,1
OG_13,1,1,1,1,1
OG_14,1,1,0,0,0
OG_15,1,1,0,0,0
OG_16,1,1,0,0,0
OG_17,1,1,1,1,1
OG_18,1,1,1,1,1
OG_19,1,1,1,1,1
OG_20,1,1,1,1,1
OG_21,1,1,1,1,1
OG_22,1,1,1,1,1
OG_23,1,1,1,1,1
OG_24,1,1,1,1,1
OG_25,1,1,1,1,1
OG_26,1,1,0,0,0
OG_27,1,1,1,1,1
OG_28,1,1,1,1,1
OG_29,1,1,1,1,1
OG_30,1,2,2,0,0
OG_31,1,1,1,0,1
OG_32,1,1,1,0,1
OG_33,1,1,1,0,1
OG_34,1,1,1,0,1
OG_35,1,1,1,0,1
OG_36,1,1,1,0,1
OG_37,1,1,1,0,1
OG_38,1,1,1,0,1
OG_39,1,1,1,0,1
OG_40,1,1,1,0,1
OG_41,1,1,1,0,1
OG_42,1,1,1,1,1
OG_43,1,1,1,1,1
OG_44,1,1,1,1,1
OG_45,1,1,1,1,1
OG_46,1,1,0,0,0
OG_47,1,1,1,1,1
OG_48,1,1,1,1,1
OG_49,1,1,1,1,1
OG_50,1,1,1,1,1
OG_51,1,1,1,1,1
OG_52,1,1,1,1,1
OG_53,1,1,1,1,1
OG_54,1,1,1,1,1
OG_55,1,1,1,1,1
OG_56,1,1,1,1,1
OG_57,1,1,1,1,1
OG_58,1,1,1,1,1
OG_59,1,1,1,1,1
OG_60,1,1,1,1,1
OG_61,1,1,1,1,1
OG_62,1,1,1,1,1
OG_63,1,1,1,1,1
OG_64,1,1,1,1,1
OG_65,1,1,1,1,1
OG_66,1,1,1,1,1
OG_67,1,1,1,1,1
OG_68,1,1,1,1,1
OG_69,1,1,1,1,1
OG_70,1,1,1,1,1
OG_71,1,1,1,1,1
OG_72,1,1,1,1,1
OG_73,1,1,1,1,1
OG_74,1,1,1,1,1
OG_75,1,1,1,1,1
OG_76,1,1,1,1,1
OG_77,1,1,1,1,1
OG_78,1,1,1,1,1
OG_79,1,1,1,1,1
OG_80,1,1,1,1,1
OG_81,1,1,1,1,1
OG_82,1,1,1,1,1
OG_83,1,1,1,1,1
OG_84,1,1,1,1,1
OG_85,1,1,1,1,1
OG_86,1,1,1,1,1
OG_87,1,1,1,1,1
OG_88,1,1,1,1,1
OG_89,1,1,1,1,1
OG_90,1,1,1,1,1
OG_91,1,1,1,1,1
OG_92,1,1,1,1,1
OG_93,1,1,1,1,1
OG_94,1,1,1,1,1
OG_95,1,1,1,1,1
OG_96,1,1,1,1,1
OG_97,1,1,1,1,1
OG_98,1,1,1,1,1
OG_99,1,1,1,1,1
OG_100,1,1,1,0,1
OG_101,1,1,1,1,1
OG_102,1,1,1,1,1
OG_103,1,1,1,1,1
OG_104,1,1,1,1,1
OG_105,1,1,0,0,0
OG_106,1,1,0,0,0
OG_107,1,1,0,0,0
OG_108,1,1,0,0,0
OG_109,1,1,1,1,1
OG_110,1,1,1,1,1
OG_111,1,1,1,1,1
OG_112,1,1,1,1,1
OG_113,1,1,1,1,1
OG_114,1,1,1,1,1
OG_115,1,1,1,1,1
OG_116,1,1,1,1,1
OG_117,1,1,1,1,1
OG_118,1,1,1,1,1
OG_119,1,1,1,1,1
OG_120,1,1,1,1,1
OG_121,1,1,1,1,1
OG_122,1,1,1,1,1
OG_123,1,1,1,1,1
OG_124,1,1,1,1,1
OG_125,1,1,1,0,1
OG_126,1,1,1,1,1
OG_127,1,1,1,1,1
OG_128,1,1,1,1,1
OG_129,1,1,1,1,1
OG_130,1,1,1,0,0
OG_131,1,1,1,0,0
OG_132,1,1,0,0,0
OG_133,1,1,1,0,0
OG_134,1,1,1,0,0
OG_135,1,1,1,1,0
OG_136,1,1,1,0,0
OG_137,1,1,1,1,1
OG_138,1,1,1,1,1
OG_139,1,1,1,1,1
OG_140,1,1,1,1,1
OG_141,1,1,1,1,1
OG_142,1,1,1,1,1
OG_143,1,1,1,1,1
OG_144,1,1,1,1,1
OG_145,1,1,1,1,1
OG_146,1,1,1,1,1
OG_147,1,1,1,1,1
OG_148,1,1,1,1,1
OG_149,1,1,1,1,1
OG_150,1,1,1,1,1
OG_151,1,1,1,1,1
OG_152,1,1,1,1,1
OG_153,1,1,1,1,1
OG_154,1,1,1,1,1
OG_155,1,1,1,1,1
OG_156,1,1,1,1,1
OG_157,1,1,1,1,0
OG_158,1,1,1,1,1
OG_159,1,1,1,1,1
OG_160,1,1,1,1,1
OG_161,1,1,1,1,1
OG_162,1,1,1,1,1
OG_163,1,1,1,1,1
OG_164,1,1,1,1,1
OG_165,1,1,1,1,1
OG_166,1,1,1,1,1
OG_167,1,1,1,1,1
OG_168,1,1,0,0,0
OG_169,1,1,1,1,1
OG_170,1,1,1,1,1
OG_171,1,1,1,1,1
OG_172,1,1,1,1,1
OG_173,1,1,1,1,1
OG_174,1,1,1,1,1
OG_175,1,1,1,1,1
OG_176,1,1,1,1,1
OG_177,1,1,1,1,1
OG_178,1,1,1,1,1
OG_179,1,1,1,1,1
OG_180,1,1,1,0,1
OG_181,1,1,1,1,1
OG_182,1,1,1,1,0
OG_183,1,1,1,1,1
OG_184,1,1,1,1,1
OG_185,1,1,1,1,1
OG_186,1,1,1,1,1
OG_187,1,1,1,1,1
OG_188,1,1,1,0,1
OG_189,1,1,1,1,1
OG_190,1,1,1,1,1
OG_191,1,1,1,1,1
OG_192,1,1,1,1,1
OG_193,1,1,1,1,1
OG_194,1,1,1,1,1
OG_195,1,1,1,1,1
OG_196,2,0,0,0,0
OG_197,2,0,0,0,0
OG_198,1,1,1,1,1
OG_199,1,1,1,1,1
OG_200,1,1,1,1,1
OG_201,1,1,1,1,1
OG_202,1,1,1,1,1
OG_203,1,1,1,1,1
OG_204,1,1,1,1,1
OG_205,1,1,1,1,1
OG_206,1,1,1,1,1
OG_207,1,0,1,0,0
OG_208,2,1,1,0,0
OG_209,1,0,1,0,0
OG_210,1,0,1,0,0
OG_211,1,0,1,0,0
OG_212,1,0,1,0,0
OG_213,1,0,1,0,0
OG_214,1,0,1,0,0
OG_215,1,0,1,0,0
OG_216,1,0,1,0,0
OG_217,1,0,1,0,0
OG_218,1,0,1,0,0
OG_219,1,0,1,0,0
OG_220,1,0,1,0,0
OG_221,1,0,1,0,0
OG_222,1,0,1,0,0
OG_223,1,0,1,0,0
OG_224,1,0,1,0,0
OG_225,1,0,1,0,0
OG_226,1,0,1,0,0
OG_227,1,1,1,1,1
OG_228,1,1,1,1,1
OG_229,1,1,1,1,1
OG_230,1,1,1,1,1
OG_231,1,1,1,1,1
OG_232,1,1,1,1,1
OG_233,1,1,1,0,0
OG_234,1,1,1,0,1
OG_235,1,1,1,0,1
OG_236,1,1,1,0,1
OG_237,1,1,1,0,1
OG_238,1,0,1,0,1
OG_239,1,0,0,0,1
OG_240,1,1,1,0,1
OG_241,1,1,1,0,1
OG_242,1,1,1,1,1
OG_243,1,1,1,1,1
OG_244,1,1,1,1,1
OG_245,1,1,1,1,1
OG_246,1,1,1,1,1
OG_247,1,1,1,1,1
OG_248,1,1,1,1,1
OG_249,1,1,1,1,1
OG_250,1,1,0,0,0
OG_251,1,1,1,1,0
OG_252,1,1,1,0,0
OG_253,1,1,1,0,0
OG_254,1,1,1,0,0
OG_255,1,1,1,1,0
OG_256,1,1,1,1,0
OG_257,1,1,1,1,0
OG_258,1,1,1,1,0
OG_259,1,1,1,1,0
OG_260,1,1,1,1,0
OG_261,1,1,1,0,0
OG_262,1,1,1,0,0
OG_263,1,1,1,0,0
OG_264,1,1,1,0,0
OG_265,1,1,1,0,0
OG_266,1,1,1,0,0
OG_267,1,1,1,0,0
OG_268,1,1,1,0,0
OG_269,1,1,1,0,0
OG_270,1,1,1,0,0
OG_271,1,1,1,0,0
OG_272,1,1,1,0,0
OG_273,1,1,1,0,1
OG_274,1,1,1,0,1
OG_275,1,1,1,0,1
OG_276,1,1,1,0,1
OG_277,1,1,0,0,0
OG_278,1,1,0,0,0
OG_279,1,1,0,0,0
OG_280,1,1,0,0,0
OG_281,2,1,1,1,1
OG_282,1,1,0,0,0
OG_283,1,1,1,0,1
OG_284,1,1,1,0,1
OG_285,1,1,1,0,1
OG_286,1,1,1,0,1
OG_287,1,1,1,0,0
OG_288,1,1,1,0,0
OG_289,1,1,1,0,0
OG_290,1,1,1,0,0
OG_291,1,1,1,0,0
OG_292,1,1,1,0,0
OG_293,1,1,1,0,0
OG_294,1,1,1,0,0
OG_295,1,1,1,0,0
OG_296,1,0,1,0,0
OG_297,1,0,1,0,0
OG_298,1,0,1,0,0
OG_299,1,0,1,0,0
OG_300,1,0,1,0,0
OG_301,1,1,1,0,0
OG_302,1,1,1,0,0
OG_303,1,1,1,0,0
OG_304,1,1,1,0,0
OG_305,1,1,1,0,0
OG_306,1,1,1,0,0
OG_307,1,1,1,0,0
OG_308,1,1,1,0,0
OG_309,1,1,1,0,0
OG_310,1,1,1,0,0
OG_311,1,1,1,0,0
OG_312,1,1,1,0,0
OG_313,1,1,1,0,0
OG_314,1,1,1,0,0
OG_315,1,1,1,0,0
OG_316,1,1,1,0,0
OG_317,1,1,1,0,0
OG_318,1,1,1,0,0
OG_319,1,1,1,0,0
OG_320,1,1,0,0,0
OG_321,1,1,1,0,0
OG_322,1,1,1,0,0
OG_323,1,1,1,1,1
OG_324,1,1,1,1,1
OG_325,1,1,1,1,1
OG_326,1,1,1,1,1
OG_327,1,1,1,1,1
OG_328,1,1,1,0,0
OG_329,1,1,1,1,1
OG_330,1,1,1,1,1
OG_331,1,1,1,1,1
OG_332,1,1,1,1,1
OG_333,1,1,1,1,1
OG_334,1,1,1,1,1
OG_335,1,1,1,1,1
OG_336,1,1,1,1,1
OG_337,1,1,1,1,1
OG_338,1,1,1,1,1
OG_339,1,1,1,1,1
OG_340,1,1,1,1,1
OG_341,1,1,1,1,1
OG_342,1,1,1,1,1
OG_343,1,1,1,1,1
OG_344,1,1,1,1,1
OG_345,1,1,1,1,1
OG_346,1,1,1,0,0
OG_347,1,1,1,1,1
OG_348,1,1,1,1,1
OG_349,1,1,1,1,1
OG_350,1,1,1,1,1
OG_351,1,1,1,1,1
OG_352,1,1,1,1,1
OG_353,1,1,1,1,1
OG_354,1,1,1,1,1
OG_355,1,1,1,1,1
OG_356,1,1,1,1,1
OG_357,1,1,1,1,1
OG_358,1,1,1,1,1
OG_359,1,1,1,1,1
OG_360,1,1,1,1,1
OG_361,1,1,1,1,1
OG_362,1,1,1,1,1
OG_363,1,1,1,1,1
OG_364,1,1,1,1,1
OG_365,1,1,1,1,1
OG_366,1,1,1,1,1
OG_367,1,1,1,1,1
OG_368,1,1,1,1,1
OG_369,1,1,1,1,1
OG_370,1,1,1,1,1
OG_371,1,1,1,1,1
OG_372,1,1,1,1,1
OG_373,1,1,1,1,1
OG_374,1,1,1,1,1
OG_375,1,1,1,1,1
OG_376,1,1,1,1,1
OG_377,1,1,1,1,1
OG_378,1,1,1,1,1
OG_379,1,1,1,1,1
OG_380,1,1,1,1,1
OG_381,1,1,1,1,0
OG_382,1,1,1,1,1
OG_383,1,1,1,1,1
OG_384,1,1,1,1,0
OG_385,1,1,1,1,0
OG_386,1,1,1,1,1
OG_387,1,1,1,1,1
OG_388,1,1,1,1,1
OG_389,1,1,1,1,1
OG_390,1,1,1,1,1
OG_391,1,1,1,1,1
OG_392,1,1,1,1,1
OG_393,1,1,1,1,1
OG_394,1,1,1,1,1
OG_395,1,1,1,1,1
OG_396,1,1,1,1,1
OG_397,1,1,1,1,1
OG_398,1,1,1,1,1
OG_399,1,1,1,1,1
OG_400,1,1,1,1,1
OG_401,1,1,1,1,1
OG_402,1,1,1,1,1
OG_403,1,1,1,1,1
OG_404,1,1,1,1,1
OG_405,1,1,1,1,1
OG_406,1,1,1,1,1
OG_407,1,1,1,1,1
OG_408,1,1,1,1,1
OG_409,1,1,1,1,1
OG_410,1,1,1,1,1
OG_411,1,1,1,1,1
OG_412,1,1,1,1,1
OG_413,1,1,1,1,1
OG_414,1,1,1,1,1
OG_415,1,1,1,1,1
OG_416,1,1,1,1,1
OG_417,1,1,1,1,1
OG_418,1,1,1,1,1
OG_419,1,1,1,1,1
OG_420,1,1,1,1,1
OG_421,1,1,1,1,1
OG_422,1,1,1,1,1
OG_423,1,1,1,1,1
OG_424,1,1,1,1,1
OG_425,1,1,1,1,0
OG_426,1,1,1,1,1
OG_427,1,1,1,1,1
OG_428,1,1,1,1,1
OG_429,1,1,1,1,1
OG_430,1,1,1,1,1
OG_431,1,1,1,0,1
OG_432,1,1,1,1,1
OG_433,1,1,0,0,0
OG_434,1,1,0,0,0
OG_435,1,1,1,1,1
OG_436,1,1,1,1,1
OG_437,1,1,0,0,0
OG_438,1,1,0,1,1
OG_439,1,1,1,1,1
OG_440,1,1,1,1,1
OG_441,1,1,1,1,1
OG_442,1,1,1,1,1
OG_443,1,0,1,0,0
OG_444,1,0,1,0,0
OG_445,1,0,1,0,0
OG_446,1,1,1,1,1
OG_447,1,1,1,1,1
OG_448,1,1,1,1,1
OG_449,1,1,1,1,1
OG_450,1,1,1,0,1
OG_451,1,1,1,1,1
OG_452,1,1,1,1,0
OG_453,1,1,1,1,1
OG_454,1,1,1,1,1
OG_455,1,1,1,1,1
OG_456,1,1,1,1,1
OG_457,1,1,1,1,1
OG_458,1,1,1,1,1
OG_459,1,1,1,1,1
OG_460,1,1,1,0,0
OG_461,1,1,1,0,0
OG_462,1,1,1,0,0
OG_463,1,1,1,0,0
OG_464,1,1,1,0,0
OG_465,1,1,1,0,0
OG_466,1,1,1,0,1
OG_467,1,1,1,0,1
OG_468,1,1,1,0,0
OG_469,1,1,1,0,0
OG_470,1,1,1,1,0
OG_471,1,1,1,1,1
OG_472,1,1,1,0,1
OG_473,1,1,1,1,1
OG_474,1,1,1,1,1
OG_475,1,1,0,0,0
OG_476,1,1,1,1,1
OG_477,1,1,1,1,1
OG_478,1,1,1,1,1
OG_479,1,1,1,1,1
OG_480,1,1,1,1,1
OG_481,1,1,1,1,1
OG_482,1,1,0,0,0
OG_483,2,2,1,2,2
OG_484,1,1,1,0,0
OG_485,1,1,1,0,1
OG_486,1,1,1,0,0
OG_487,1,1,1,0,1
OG_488,1,1,1,0,1
OG_489,1,1,1,0,1
OG_490,1,1,1,0,1
OG_491,1,1,1,0,1
OG_492,1,1,1,1,0
OG_493,1,1,1,1,1
OG_494,1,1,1,1,1
OG_495,1,1,1,1,1
OG_496,1,1,1,1,1
OG_497,1,1,1,1,1
OG_498,1,1,1,1,1
OG_499,1,1,1,1,1
OG_500,1,2,2,1,1
OG_501,1,1,1,1,1
OG_502,1,1,1,1,1
OG_503,1,1,1,1,1
OG_504,1,1,1,1,1
OG_505,1,1,1,1,1
OG_506,1,1,1,1,0
OG_507,1,1,1,1,1
OG_508,1,1,1,1,1
OG_509,1,1,1,1,1
OG_510,1,1,1,1,1
OG_511,1,1,1,1,1
OG_512,1,1,1,1,1
OG_513,1,1,1,1,1
OG_514,1,1,1,1,1
OG_515,1,1,1,1,1
OG_516,1,1,1,1,1
OG_517,1,1,1,1,1
OG_518,1,1,1,1,1
OG_519,1,1,1,1,1
OG_520,1,1,1,0,1
OG_521,1,1,1,0,1
OG_522,1,1,1,0,0
OG_523,1,1,1,0,1
OG_524,1,1,1,0,1
OG_525,1,1,1,1,1
OG_526,1,1,1,1,1
OG_527,1,1,1,1,1
OG_528,1,1,1,0,0
OG_529,1,1,1,1,1
OG_530,1,1,1,1,1
OG_531,1,1,1,1,1
OG_532,1,1,1,1,1
OG_533,1,1,1,1,1
OG_534,1,1,1,1,1
OG_535,1,1,1,1,1
OG_536,1,1,1,1,1
OG_537,1,1,1,1,0
OG_538,1,1,1,0,0
OG_539,1,1,1,1,0
OG_540,1,1,1,1,1
OG_541,1,1,1,1,1
OG_542,1,1,1,1,1
OG_543,1,1,1,1,1
OG_544,1,1,1,1,1
OG_545,1,1,1,1,1
OG_546,1,1,1,1,1
OG_547,1,1,1,1,1
OG_548,1,1,1,1,1
OG_549,1,1,1,1,1
OG_550,1,1,1,1,1
OG_551,1,1,1,1,1
OG_552,1,1,1,1,1
OG_553,1,1,1,1,1
OG_554,1,1,1,1,1
OG_555,1,1,1,0,1
OG_556,1,1,1,1,1
OG_557,1,1,1,1,1
OG_558,1,1,1,1,1
OG_559,1,1,1,1,1
OG_560,1,1,1,1,1
OG_561,1,1,1,1,1
OG_562,1,1,1,1,1
OG_563,1,1,1,1,1
OG_564,1,1,1,1,1
OG_565,1,1,1,1,1
OG_566,1,1,0,1,0
OG_567,1,1,1,1,1
OG_568,1,1,1,1,1
OG_569,1,1,1,1,1
OG_570,1,1,1,1,1
OG_571,1,1,1,1,1
OG_572,1,1,1,1,1
OG_573,1,1,1,1,1
OG_574,1,1,1,1,1
OG_575,1,1,1,1,1
OG_576,1,1,1,1,1
OG_577,1,1,1,1,1
OG_578,1,1,1,1,1
OG_579,1,1,0,0,0
OG_580,1,1,0,0,0
OG_581,1,1,0,0,0
OG_582,1,1,0,0,0
OG_583,1,1,0,0,0
OG_584,1,1,0,0,0
OG_585,1,1,0,0,0
OG_586,1,1,0,0,0
OG_587,1,1,1,1,1
OG_588,1,1,1,0,1
OG_589,1,1,1,1,1
OG_590,1,1,1,1,1
OG_591,1,1,1,1,1
OG_592,1,1,1,1,1
OG_593,1,1,1,1,1
OG_594,1,1,1,1,1
OG_595,1,1,1,1,1
OG_596,1,1,0,0,1
OG_597,1,1,0,1,1
OG_598,1,1,1,1,1
OG_599,1,1,1,1,0
OG_600,1,1,1,0,1
OG_601,1,1,1,1,0
OG_602,1,1,1,1,1
OG_603,1,1,1,1,1
OG_604,1,1,1,1,1
OG_605,1,1,1,1,1
OG_606,1,1,1,1,1
OG_607,1,1,1,1,1
OG_608,1,1,1,1,1
OG_609,1,1,1,1,0
OG_610,1,1,1,1,1
OG_611,1,1,1,1,1
OG_612,1,1,1,1,0
OG_613,1,1,1,1,1
OG_614,1,1,1,1,1
OG_615,1,1,1,1,1
OG_616,1,1,1,1,1
OG_617,1,1,1,1,1
OG_618,1,1,1,1,1
OG_619,1,1,1,1,1
OG_620,1,1,1,1,1
OG_621,1,1,1,1,1
OG_622,1,1,1,1,1
OG_623,1,1,0,0,0
OG_624,1,1,1,1,1
OG_625,1,1,1,1,1
OG_626,1,1,1,1,1
OG_627,1,1,1,1,1
OG_628,1,1,1,1,1
OG_629,1,1,1,1,1
OG_630,1,1,1,1,1
OG_631,1,1,1,1,1
OG_632,1,1,1,1,1
OG_633,1,1,1,1,1
OG_634,1,1,1,1,1
OG_635,1,1,1,1,1
OG_636,1,1,1,1,1
OG_637,1,1,1,1,1
OG_638,1,1,1,1,1
OG_639,1,1,1,1,1
OG_640,1,1,1,1,1
OG_641,1,1,1,1,1
OG_642,1,1,1,1,1
OG_643,1,1,1,1,1
OG_644,1,1,1,1,1
OG_645,1,1,1,1,1
OG_646,1,1,1,1,1
OG_647,1,1,1,1,1
OG_648,1,1,1,1,1
OG_649,1,1,1,1,1
OG_650,1,1,1,1,1
OG_651,1,1,1,1,1
OG_652,1,1,1,1,1
OG_653,1,1,1,0,0
OG_654,1,1,1,0,1
OG_655,1,1,1,0,1
OG_656,1,1,1,1,1
OG_657,1,1,1,1,1
OG_658,1,1,1,1,1
OG_659,1,1,1,1,1
OG_660,1,1,1,1,1
OG_661,1,1,1,1,1
OG_662,1,1,1,1,1
OG_663,1,1,1,1,1
OG_664,1,1,1,1,1
OG_665,1,1,1,1,1
OG_666,1,1,1,1,1
OG_667,1,1,1,1,1
OG_668,1,1,1,1,1
OG_669,1,1,1,1,1
OG_670,1,1,1,1,1
OG_671,1,1,1,1,1
OG_672,1,1,0,0,1
OG_673,1,1,1,1,1
OG_674,1,1,1,1,1
OG_675,1,1,1,0,1
OG_676,1,1,1,1,1
OG_677,1,1,1,1,1
OG_678,1,1,1,1,1
OG_679,1,1,1,1,1
OG_680,1,1,1,1,1
OG_681,1,1,1,1,1
OG_682,1,1,1,1,1
OG_683,1,1,1,1,1
OG_684,1,1,1,1,1
OG_685,1,1,1,1,1
OG_686,1,1,1,1,1
OG_687,1,1,1,1,1
OG_688,1,1,1,1,1
OG_689,1,1,1,1,0
OG_690,1,1,1,0,1
OG_691,1,1,1,1,1
OG_692,1,1,1,1,1
OG_693,1,1,1,1,1
OG_694,1,1,1,1,1
OG_695,1,1,1,1,1
OG_696,1,1,1,1,1
OG_697,1,1,1,1,1
OG_698,1,1,1,1,1
OG_699,1,1,1,1,1
OG_700,1,1,1,1,1
OG_701,1,1,1,1,1
OG_702,1,1,1,1,1
OG_703,1,1,1,1,1
OG_704,1,1,1,1,1
OG_705,1,1,1,1,1
OG_706,1,1,1,1,1
OG_707,1,1,1,1,1
OG_708,1,1,1,1,1
OG_709,1,1,1,1,1
OG_710,1,1,1,1,1
OG_711,1,1,1,1,1
OG_712,1,1,1,1,1
OG_713,1,1,1,1,1
OG_714,1,1,1,1,1
OG_715,1,1,1,0,1
OG_716,1,1,1,1,1
OG_717,1,1,1,1,1
OG_718,1,1,1,1,1
OG_719,1,1,1,1,1
OG_720,1,1,1,1,1
OG_721,1,1,1,1,1
OG_722,1,1,1,1,1
OG_723,1,1,1,1,1
OG_724,1,1,1,1,1
OG_725,1,1,1,1,1
OG_726,1,1,1,1,1
OG_727,1,1,1,1,1
OG_728,1,1,1,1,1
OG_729,1,1,1,1,1
OG_730,1,1,1,1,1
OG_731,1,1,1,1,1
OG_732,1,1,1,1,1
OG_733,1,1,1,1,1
OG_734,1,1,1,1,1
OG_735,1,1,1,1,1
OG_736,1,1,1,1,1
OG_737,1,1,1,1,1
OG_738,1,1,1,1,1
OG_739,1,1,1,1,1
OG_740,1,1,1,1,1
OG_741,1,1,1,1,1
OG_742,1,1,1,1,1
OG_743,1,1,1,1,1
OG_744,1,1,1,1,1
OG_745,1,1,1,1,1
OG_746,1,1,1,1,1
OG_747,1,1,1,1,1
OG_748,1,1,1,1,1
OG_749,1,1,1,1,1
OG_750,1,1,1,1,1
OG_751,1,1,1,1,1
OG_752,1,1,1,1,1
OG_753,1,1,1,1,1
OG_754,1,1,1,1,1
OG_755,1,1,1,1,1
OG_756,1,1,1,1,1
OG_757,1,1,1,1,1
OG_758,1,1,1,1,1
OG_759,1,1,1,1,1
OG_760,1,1,1,1,1
OG_761,1,1,1,1,1
OG_762,1,1,1,1,1
OG_763,1,1,1,1,1
OG_764,1,1,1,1,1
OG_765,1,1,1,1,1
OG_766,1,1,1,1,1
OG_767,1,1,1,1,1
OG_768,1,1,1,1,1
OG_769,1,1,1,1,1
OG_770,1,1,1,1,1
OG_771,1,1,1,1,1
OG_772,1,1,1,1,1
OG_773,1,1,1,1,1
OG_774,1,1,1,1,1
OG_775,1,1,1,1,1
OG_776,1,1,1,0,1
OG_777,1,1,1,1,1
OG_778,1,1,1,1,1
OG_779,1,1,1,1,1
OG_780,1,1,1,1,1
OG_781,1,1,1,0,0
OG_782,2,0,0,0,0
OG_783,2,0,0,0,0
OG_784,2,0,0,0,0
OG_785,2,0,0,0,0
OG_786,2,0,0,0,0
OG_787,2,0,0,0,0
OG_788,2,0,0,0,0
OG_789,2,0,0,0,0
OG_790,2,1,0,1,0
OG_791,2,1,1,2,0
OG_792,1,0,0,1,0
OG_793,1,1,0,2,0
OG_794,1,0,0,1,0
OG_795,1,0,0,1,0
OG_796,1,1,0,2,0
OG_797,1,0,1,0,0
OG_798,2,0,0,0,0
OG_799,1,0,0,1,0
OG_800,1,1,0,1,0
OG_801,1,1,0,1,0
OG_802,1,1,0,1,0
OG_803,2,1,0,1,0
OG_804,1,1,0,1,0
OG_805,1,1,0,1,0
OG_806,2,2,0,0,0
OG_807,2,0,0,1,0
OG_808,2,1,0,1,0
OG_809,2,0,0,1,0
OG_810,2,0,0,0,0
OG_811,2,0,0,1,0
OG_812,2,1,0,2,0
OG_813,2,0,0,1,0
OG_814,1,1,1,1,1
OG_815,1,1,1,1,1
OG_816,1,1,1,1,1
OG_817,1,1,1,1,0
OG_818,1,1,1,1,1
OG_819,1,1,1,1,1
OG_820,1,1,1,0,1
OG_821,1,1,1,1,1
OG_822,1,1,1,1,1
OG_823,1,1,1,1,1
OG_824,1,1,1,1,0
OG_825,1,1,1,1,1
OG_826,1,1,1,1,1
OG_827,1,1,1,1,1
OG_828,1,1,1,1,1
OG_829,1,1,1,1,1
OG_830,1,1,1,1,1
OG_831,1,1,1,1,1
OG_832,1,1,1,1,1
OG_833,1,1,1,1,1
OG_834,1,1,1,1,1
OG_835,1,1,1,1,1
OG_836,1,1,1,1,1
OG_837,1,1,1,1,1
OG_838,1,1,1,1,1
OG_839,1,1,1,1,1
OG_840,1,1,1,1,1
OG_841,1,1,1,1,1
OG_842,1,1,1,1,1
OG_843,1,1,1,1,1
OG_844,1,1,1,0,1
OG_845,1,1,1,1,1
OG_846,1,1,1,0,1
OG_847,1,1,1,1,1
OG_848,1,1,1,1,1
OG_849,1,1,1,1,1
OG_850,1,1,1,1,1
OG_851,1,1,1,1,1
OG_852,1,1,1,1,1
OG_853,1,1,1,1,1
OG_854,1,1,1,1,1
OG_855,1,1,1,1,1
OG_856,1,1,1,1,1
OG_857,1,1,1,1,1
OG_858,1,1,1,1,1
OG_859,1,1,1,1,1
OG_860,1,1,1,1,1
OG_861,1,1,1,1,1
OG_862,1,1,1,1,1
OG_863,1,1,1,1,0
OG_864,1,1,1,1,1
OG_865,1,1,1,1,1
OG_866,1,1,1,1,1
OG_867,1,1,1,1,1
OG_868,1,1,1,1,1
OG_869,1,1,1,1,1
OG_870,1,1,1,1,1
OG_871,1,1,1,1,1
OG_872,1,1,1,1,1
OG_873,1,1,1,1,1
OG_874,1,1,1,1,1
OG_875,1,1,1,1,1
OG_876,1,1,1,1,1
OG_877,1,1,1,1,1
OG_878,1,1,1,1,1
OG_879,1,1,1,1,1
OG_880,1,1,1,1,1
OG_881,1,1,1,1,1
OG_882,1,1,1,1,1
OG_883,1,1,1,1,1
OG_884,1,1,1,1,1
OG_885,1,1,1,1,1
OG_886,1,1,1,1,1
OG_887,1,1,1,1,1
OG_888,1,1,1,1,1
OG_889,1,1,1,1,1
OG_890,1,1,1,1,1
OG_891,1,1,1,1,1
OG_892,1,1,1,0,1
OG_893,1,1,1,1,0
OG_894,1,1,1,1,1
OG_895,1,1,1,1,1
OG_896,1,1,1,0,1
OG_897,1,1,1,0,1
OG_898,1,1,1,0,1
OG_899,1,1,1,0,0
OG_900,1,1,1,0,1
OG_901,1,1,1,0,1
OG_902,1,1,1,0,1
OG_903,1,1,1,0,1
OG_904,1,1,1,0,1
OG_905,1,1,1,0,1
OG_906,1,1,1,1,1
OG_907,1,1,1,1,0
OG_908,1,1,1,1,0
OG_909,1,1,1,0,1
OG_910,1,1,1,1,1
OG_911,1,1,1,1,1
OG_912,1,0,0,0,1
OG_913,1,1,1,1,1
OG_914,1,1,0,0,1
OG_915,1,1,0,0,1
OG_916,1,1,0,0,0
OG_917,1,1,0,0,0
OG_918,1,1,0,0,0
OG_919,1,1,0,0,0
OG_920,1,1,1,1,0
OG_921,1,1,1,1,1
OG_922,1,1,1,1,1
OG_923,1,1,1,1,1
OG_924,1,1,1,0,0
OG_925,1,1,1,0,1
OG_926,1,1,1,0,1
OG_927,1,1,1,1,1
OG_928,1,1,1,0,1
OG_929,1,1,1,1,1
OG_930,1,1,1,0,1
OG_931,1,1,1,1,1
OG_932,1,1,1,1,1
OG_933,1,1,1,1,1
OG_934,1,1,1,1,1
OG_935,1,1,1,1,1
OG_936,1,1,1,0,1
OG_937,1,1,1,1,0
OG_938,1,1,1,1,0
OG_939,1,1,1,1,0
OG_940,1,1,1,1,1
OG_941,1,1,1,0,1
OG_942,1,1,1,1,1
OG_943,1,1,1,1,1
OG_944,1,1,1,1,1
OG_945,1,1,1,1,1
OG_946,1,1,1,0,0
OG_947,1,1,1,1,1
OG_948,1,1,1,1,1
OG_949,1,1,1,1,1
OG_950,1,1,1,1,1
OG_951,1,1,1,1,1
OG_952,1,1,1,1,1
OG_953,1,1,1,1,1
OG_954,1,1,1,1,1
OG_955,1,1,1,1,1
OG_956,1,1,1,1,1
OG_957,1,1,1,1,1
OG_958,1,1,1,1,1
OG_959,1,1,1,1,1
OG_960,1,1,1,1,0
OG_961,1,1,1,1,1
OG_962,1,1,1,1,1
OG_963,1,1,1,1,1
OG_964,1,1,1,1,1
OG_965,1,1,1,1,1
OG_966,1,1,1,1,1
OG_967,1,1,1,1,1
OG_968,1,1,1,1,0
OG_969,1,1,1,1,1
OG_970,1,1,1,1,1
OG_971,1,1,1,1,1
OG_972,1,1,1,1,1
OG_973,1,1,1,1,1
OG_974,1,1,1,1,1
OG_975,1,1,1,1,1
OG_976,1,1,1,1,1
OG_977,1,1,1,1,1
OG_978,1,1,1,1,1
OG_979,1,1,1,1,1
OG_980,1,1,1,1,1
OG_981,1,1,1,1,1
OG_982,1,1,1,1,1
OG_983,1,1,1,1,1
OG_984,1,1,1,1,1
OG_985,1,1,1,1,1
OG_986,1,1,1,1,1
OG_987,1,1,1,1,1
OG_988,1,1,1,1,1
OG_989,1,1,1,1,1
OG_990,1,1,1,1,1
OG_991,1,1,1,1,1
OG_992,1,1,1,1,1
OG_993,1,1,1,1,1
OG_994,1,1,1,1,1
OG_995,1,1,1,1,1
OG_996,1,1,1,1,1
OG_997,1,1,1,1,1
OG_998,1,1,1,1,1
OG_999,1,1,1,1,1
OG_1000,1,1,1,1,1
OG_1001,1,1,1,1,1
OG_1002,1,1,1,1,1
OG_1003,1,1,1,1,1
OG_1004,1,1,1,1,1
OG_1005,1,1,1,1,1
OG_1006,1,1,1,0,0
OG_1007,1,1,1,0,0
OG_1008,1,1,1,1,1
OG_1009,1,1,1,1,1
OG_1010,1,1,1,1,1
OG_1011,1,1,1,1,1
OG_1012,1,1,1,1,1
OG_1013,1,1,1,1,1
OG_1014,1,1,1,1,1
OG_1015,1,1,1,1,1
OG_1016,1,1,1,1,1
OG_1017,1,1,1,1,1
OG_1018,1,1,1,1,1
OG_1019,1,1,1,1,1
OG_1020,1,1,1,1,1
OG_1021,1,1,1,1,1
OG_1022,1,1,1,0,0
OG_1023,1,1,1,0,0
OG_1024,1,1,1,0,0
OG_1025,1,1,0,0,0
OG_1026,1,1,1,0,0
OG_1027,1,1,1,0,0
OG_1028,1,1,1,0,0
OG_1029,1,1,2,0,1
OG_1030,1,0,1,0,0
OG_1031,1,0,1,0,0
OG_1032,1,0,1,0,0
OG_1033,1,0,0,0,1
OG_1034,1,0,1,0,0
OG_1035,1,0,1,0,0
OG_1036,2,0,0,0,0
OG_1037,1,0,1,0,0
OG_1038,1,1,2,0,0
OG_1039,1,1,1,0,0
OG_1040,1,0,1,0,0
OG_1041,1,0,1,0,1
OG_1042,1,0,1,0,0
OG_1043,1,0,1,0,0
OG_1044,1,1,2,0,0
OG_1045,1,1,1,0,0
OG_1046,1,0,1,0,1
OG_1047,2,0,1,0,1
OG_1048,2,1,1,0,0
OG_1049,2,0,1,0,1
OG_1050,1,2,2,0,2
OG_1051,1,2,1,0,0
OG_1052,1,1,1,1,0
OG_1053,1,1,1,0,0
OG_1054,1,1,1,0,0
OG_1055,2,0,1,0,1
OG_1056,2,0,1,0,1
OG_1057,1,1,0,0,0
OG_1058,2,1,2,0,1
OG_1059,2,1,2,0,1
OG_1060,2,2,2,1,1
OG_1061,1,0,1,0,0
OG_1062,1,1,2,0,0
OG_1063,1,1,1,0,0
OG_1064,1,1,1,0,0
OG_1065,1,1,2,0,0
OG_1066,1,1,2,0,0
OG_1067,1,1,1,0,0
OG_1068,2,1,2,0,0
OG_1069,2,2,2,1,2
OG_1070,2,1,1,0,0
OG_1071,2,0,2,0,0
OG_1072,2,1,1,0,0
OG_1073,2,1,1,0,0
OG_1074,2,1,1,0,0
OG_1075,1,1,1,1,1
OG_1076,1,1,1,1,1
OG_1077,1,1,1,1,1
OG_1078,1,1,1,1,1
OG_1079,1,1,1,0,0
OG_1080,1,1,1,0,0
OG_1081,1,1,1,0,0
OG_1082,1,1,1,0,0
OG_1083,1,1,1,0,0
OG_1084,1,1,1,0,0
OG_1085,1,1,1,0,0
OG_1086,1,1,1,0,0
OG_1087,1,1,1,0,0
OG_1088,1,1,0,0,0
OG_1089,1,0,0,0,1
OG_1090,1,1,0,0,0
OG_1091,1,1,1,0,1
OG_1092,1,1,1,1,1
OG_1093,1,1,1,1,1
OG_1094,1,1,1,1,1
OG_1095,1,1,1,1,1
OG_1096,1,1,1,1,1
OG_1097,1,1,1,1,0
OG_1098,1,1,1,1,0
OG_1099,1,1,1,1,1
OG_1100,1,1,1,1,1
OG_1101,1,1,1,1,1
OG_1102,1,1,1,1,1
OG_1103,1,1,1,0,1
OG_1104,1,1,1,1,1
OG_1105,1,1,1,1,1
OG_1106,1,1,1,1,1
OG_1107,1,1,1,1,1
OG_1108,1,1,1,1,1
OG_1109,1,1,1,1,1
OG_1110,1,1,1,1,1
OG_1111,1,1,1,1,1
OG_1112,1,1,1,1,1
OG_1113,1,1,1,1,1
OG_1114,1,1,1,1,1
OG_1115,1,1,1,0,0
OG_1116,1,1,1,0,1
OG_1117,1,1,1,0,1
OG_1118,1,1,1,0,1
OG_1119,1,1,1,0,1
OG_1120,1,1,1,0,1
OG_1121,1,1,1,0,1
OG_1122,1,1,1,1,1
OG_1123,1,1,1,1,1
OG_1124,1,1,1,1,1
OG_1125,1,1,1,1,1
OG_1126,1,1,1,1,1
OG_1127,1,1,1,1,1
OG_1128,1,1,1,1,1
OG_1129,1,1,1,1,1
OG_1130,1,1,1,1,1
OG_1131,1,1,1,1,1
OG_1132,1,1,1,1,1
OG_1133,1,1,1,1,1
OG_1134,1,1,1,1,1
OG_1135,1,1,1,1,1
OG_1136,1,1,1,1,1
OG_1137,1,1,1,1,1
OG_1138,1,1,1,1,1
OG_1139,1,1,1,1,1
OG_1140,1,1,1,1,1
OG_1141,1,1,1,1,1
OG_1142,1,1,1,1,1
OG_1143,1,1,1,1,1
OG_1144,1,1,1,1,1
OG_1145,1,1,1,1,1
OG_1146,1,1,1,1,1
OG_1147,1,1,1,1,1
OG_1148,1,1,1,1,1
OG_1149,1,1,1,1,1
OG_1150,1,1,1,1,1
OG_1151,1,1,1,1,1
OG_1152,1,1,1,1,1
OG_1153,1,1,1,1,1
OG_1154,1,1,1,1,1
OG_1155,1,1,1,1,1
OG_1156,1,1,1,1,1
OG_1157,1,1,1,1,1
OG_1158,1,1,1,1,1
OG_1159,1,1,1,1,1
OG_1160,1,1,0,2,0
OG_1161,1,1,1,1,1
OG_1162,1,1,1,1,1
OG_1163,1,1,1,0,1
OG_1164,1,1,0,1,1
OG_1165,1,1,1,1,1
OG_1166,1,1,1,1,1
OG_1167,1,1,1,1,1
OG_1168,1,1,1,1,1
OG_1169,1,1,1,1,1
OG_1170,1,1,1,1,1
OG_1171,1,1,1,1,1
OG_1172,1,1,1,1,1
OG_1173,1,1,1,1,1
OG_1174,1,1,1,1,1
OG_1175,1,1,1,1,1
OG_1176,1,1,1,1,1
OG_1177,1,1,1,1,1
OG_1178,1,1,1,1,1
OG_1179,1,1,0,0,0
OG_1180,1,1,1,0,0
OG_1181,1,2,1,0,0
OG_1182,1,2,1,0,0
OG_1183,2,0,0,0,0
OG_1184,2,2,1,0,0
OG_1185,1,2,0,0,0
OG_1186,1,1,0,0,0
OG_1187,2,2,1,1,2
OG_1188,2,1,1,1,2
OG_1189,1,0,1,0,0
OG_1190,1,1,0,0,1
OG_1191,1,1,0,0,0
OG_1192,1,1,0,0,0
OG_1193,1,1,0,0,0
OG_1194,1,1,1,1,1
OG_1195,1,2,1,1,0
OG_1196,1,2,0,1,0
OG_1197,1,1,0,0,0
OG_1198,2,0,0,0,0
OG_1199,1,0,1,0,0
OG_1200,1,1,2,0,0
OG_1201,1,1,2,0,2
OG_1202,1,0,1,0,0
OG_1203,1,0,1,0,0
OG_1204,1,0,1,0,0
OG_1205,1,0,1,0,0
OG_1206,1,0,1,0,0
OG_1207,1,1,1,1,2
OG_1208,2,2,1,1,2
OG_1209,2,1,1,1,2
OG_1210,2,1,2,1,2
OG_1211,1,1,0,0,0
OG_1212,1,1,1,0,0
OG_1213,1,1,1,1,2
OG_1214,1,1,0,0,0
OG_1215,1,0,1,0,1
OG_1216,1,0,1,0,1
OG_1217,1,0,1,0,1
OG_1218,1,1,1,1,1
OG_1219,1,1,1,1,1
OG_1220,1,1,1,1,1
OG_1221,1,1,1,1,1
OG_1222,1,1,1,1,1
OG_1223,1,1,1,1,1
OG_1224,1,1,1,1,1
OG_1225,1,1,1,1,0
OG_1226,1,1,1,1,1
OG_1227,1,1,1,1,1
OG_1228,1,1,1,1,1
OG_1229,1,1,1,1,1
OG_1230,1,1,1,1,1
OG_1231,1,1,1,1,1
OG_1232,1,1,1,1,1
OG_1233,1,1,1,1,1
OG_1234,1,1,1,1,1
OG_1235,1,1,1,0,1
OG_1236,1,1,1,1,1
OG_1237,1,1,1,1,1
OG_1238,1,1,1,1,1
OG_1239,1,1,1,1,1
OG_1240,1,1,1,1,1
OG_1241,1,1,1,1,1
OG_1242,1,1,1,1,1
OG_1243,1,1,1,1,1
OG_1244,1,1,1,1,1
OG_1245,1,1,1,1,0
OG_1246,1,1,1,1,1
OG_1247,1,1,1,1,1
OG_1248,1,1,1,1,1
OG_1249,1,1,0,0,0
OG_1250,1,1,0,0,0
OG_1251,1,1,0,0,0
OG_1252,1,1,0,0,0
OG_1253,1,1,0,0,0
OG_1254,1,1,1,1,1
OG_1255,1,1,1,1,1
OG_1256,1,1,1,1,1
OG_1257,1,1,1,1,1
OG_1258,1,1,1,1,1
OG_1259,1,1,1,1,1
OG_1260,1,1,1,1,1
OG_1261,1,1,1,1,1
OG_1262,1,1,1,1,1
OG_1263,1,1,1,1,1
OG_1264,1,1,1,1,1
OG_1265,1,1,1,1,1
OG_1266,1,1,0,0,0
OG_1267,1,1,0,0,0
OG_1268,1,1,0,0,1
OG_1269,1,1,0,0,1
OG_1270,1,1,0,0,0
OG_1271,1,1,0,0,0
OG_1272,1,1,0,0,1
OG_1273,1,1,0,0,1
OG_1274,1,1,0,0,1
OG_1275,1,1,0,0,1
OG_1276,1,1,0,0,1
OG_1277,1,1,1,1,1
OG_1278,1,1,1,1,1
OG_1279,1,1,1,1,1
OG_1280,1,1,1,1,1
OG_1281,1,1,1,1,1
OG_1282,1,1,1,1,1
OG_1283,1,1,1,1,1
OG_1284,1,1,1,0,1
OG_1285,1,1,1,1,0
OG_1286,1,1,1,1,1
OG_1287,1,1,1,1,1
OG_1288,1,1,1,0,0
OG_1289,1,1,1,1,1
OG_1290,1,1,1,1,1
OG_1291,1,1,1,1,1
OG_1292,1,1,0,0,1
OG_1293,1,1,0,0,0
OG_1294,1,1,0,0,0
OG_1295,1,1,1,1,1
OG_1296,1,1,1,1,1
OG_1297,1,1,1,1,1
OG_1298,1,1,1,0,1
OG_1299,1,1,1,1,1
OG_1300,1,1,1,1,1
OG_1301,1,0,1,1,0
OG_1302,1,0,0,1,1
OG_1303,2,0,0,0,0
OG_1304,1,0,0,0,1
OG_1305,1,0,0,0,1
OG_1306,1,1,0,0,1
OG_1307,1,1,1,0,0
OG_1308,1,1,0,1,1
OG_1309,1,0,0,0,1
OG_1310,1,1,0,0,2
OG_1311,1,1,0,0,2
OG_1312,1,0,0,1,2
OG_1313,2,1,1,0,0
OG_1314,1,1,1,0,0
OG_1315,1,1,0,2,0
OG_1316,2,1,1,0,0
OG_1317,2,1,1,0,0
OG_1318,2,1,1,0,0
OG_1319,2,0,0,0,0
OG_1320,1,1,0,0,0
OG_1321,1,1,1,1,1
OG_1322,1,1,1,1,1
OG_1323,1,1,1,1,1
OG_1324,1,1,1,1,1
OG_1325,1,1,1,1,1
OG_1326,1,1,1,1,1
OG_1327,1,1,1,1,1
OG_1328,1,1,1,1,1
OG_1329,1,1,1,1,1
OG_1330,1,1,0,0,0
OG_1331,1,1,1,0,0
OG_1332,1,0,1,0,1
OG_1333,1,0,1,0,1
OG_1334,1,0,1,1,1
OG_1335,1,0,1,1,0
OG_1336,1,1,1,1,1
OG_1337,1,1,1,1,1
OG_1338,1,1,1,1,0
OG_1339,1,1,1,1,1
OG_1340,1,1,1,1,1
OG_1341,1,1,1,1,1
OG_1342,1,1,1,1,1
OG_1343,1,0,0,1,1
OG_1344,1,1,1,1,1
OG_1345,1,1,1,1,1
OG_1346,1,1,1,1,1
OG_1347,1,1,1,1,1
OG_1348,1,1,1,1,1
OG_1349,1,1,1,1,1
OG_1350,1,1,1,1,1
OG_1351,1,1,1,1,1
OG_1352,1,1,1,0,1
OG_1353,1,1,1,0,0
OG_1354,1,1,1,0,0
OG_1355,1,1,1,0,0
OG_1356,1,1,1,0,0
OG_1357,1,1,1,0,0
OG_1358,1,1,1,0,0
OG_1359,1,1,1,0,0
OG_1360,1,1,1,0,0
OG_1361,1,1,1,0,1
OG_1362,1,1,1,0,1
OG_1363,1,1,1,1,1
OG_1364,1,1,1,1,1
OG_1365,1,1,1,1,1
OG_1366,1,1,1,1,0
OG_1367,1,1,0,0,0
OG_1368,1,1,1,1,0
OG_1369,1,1,1,1,0
OG_1370,1,1,1,1,0
OG_1371,1,0,1,0,0
OG_1372,1,0,1,0,0
OG_1373,1,0,1,0,0
OG_1374,1,0,1,0,0
OG_1375,1,1,1,0,0
OG_1376,1,1,1,0,0
OG_1377,1,1,1,0,0
OG_1378,1,1,1,0,0
OG_1379,1,1,1,0,0
OG_1380,1,1,1,0,0
OG_1381,1,1,1,0,1
OG_1382,1,1,1,0,1
OG_1383,1,1,1,1,1
OG_1384,1,1,1,1,1
OG_1385,1,1,1,1,1
OG_1386,1,1,1,1,1
OG_1387,1,1,1,1,1
OG_1388,1,1,1,1,1
OG_1389,1,0,1,0,0
OG_1390,1,1,1,0,0
OG_1391,1,1,1,0,0
OG_1392,1,1,1,1,1
OG_1393,1,1,1,1,0
OG_1394,1,1,1,1,0
OG_1395,1,1,1,1,1
OG_1396,1,1,1,1,0
OG_1397,1,1,1,1,1
OG_1398,1,1,1,1,1
OG_1399,2,2,2,2,2
OG_1400,1,0,1,1,0
OG_1401,1,0,1,1,1
OG_1402,1,0,1,0,0
OG_1403,1,1,1,1,1
OG_1404,1,1,1,1,1
OG_1405,1,1,1,1,1
OG_1406,1,1,1,1,1
OG_1407,1,1,1,1,1
OG_1408,1,1,1,0,0
OG_1409,1,1,1,0,0
OG_1410,1,1,1,0,0
OG_1411,1,1,1,0,0
OG_1412,1,1,1,0,0
OG_1413,1,1,1,0,0
OG_1414,1,1,0,0,0
OG_1415,1,1,1,0,0
OG_1416,1,1,1,0,0
OG_1417,1,1,1,0,1
OG_1418,1,1,1,0,1
OG_1419,1,1,1,0,1
OG_1420,1,1,1,1,1
OG_1421,1,1,1,1,1
OG_1422,1,1,1,0,1
OG_1423,1,1,1,1,0
OG_1424,1,1,1,1,0
OG_1425,1,1,1,1,1
OG_1426,1,1,1,1,1
OG_1427,1,1,1,1,1
OG_1428,1,1,1,1,1
OG_1429,1,1,1,1,1
OG_1430,1,1,1,0,1
OG_1431,1,1,1,0,1
OG_1432,1,1,1,0,1
OG_1433,1,1,1,0,0
OG_1434,1,1,1,1,1
OG_1435,1,1,1,1,1
OG_1436,1,1,1,1,1
OG_1437,1,1,1,1,1
OG_1438,1,1,1,1,1
OG_1439,1,1,1,0,0
OG_1440,1,1,1,0,1
OG_1441,1,1,1,0,1
OG_1442,1,1,1,0,1
OG_1443,1,1,1,0,0
OG_1444,1,1,1,1,1
OG_1445,1,1,1,1,1
OG_1446,1,1,1,0,0
OG_1447,1,0,1,1,0
OG_1448,1,1,1,1,1
OG_1449,1,1,1,1,1
OG_1450,1,1,1,1,0
OG_1451,1,1,1,1,1
OG_1452,1,1,1,1,1
OG_1453,1,1,1,1,1
OG_1454,1,1,1,1,1
OG_1455,1,1,1,1,0
OG_1456,1,1,1,1,1
OG_1457,1,1,1,1,1
OG_1458,1,1,1,1,1
OG_1459,1,1,0,1,1
OG_1460,1,1,1,1,1
OG_1461,1,1,1,1,1
OG_1462,1,1,1,1,1
OG_1463,1,1,1,1,1
OG_1464,1,1,1,1,1
OG_1465,1,1,1,1,1
OG_1466,1,1,1,1,1
OG_1467,1,1,1,1,1
OG_1468,1,1,1,1,1
OG_1469,1,1,1,1,1
OG_1470,1,1,1,1,1
OG_1471,1,1,1,1,1
OG_1472,1,1,1,1,1
OG_1473,1,1,1,1,1
OG_1474,1,1,1,1,1
OG_1475,1,0,1,1,1
OG_1476,1,1,1,0,1
OG_1477,1,1,1,1,1
OG_1478,1,1,1,1,1
OG_1479,1,1,1,1,1
OG_1480,1,1,1,1,1
OG_1481,1,1,1,1,1
OG_1482,1,1,1,1,1
OG_1483,1,1,1,1,1
OG_1484,1,1,1,1,1
OG_1485,1,1,1,1,1
OG_1486,1,1,1,1,1
OG_1487,1,1,1,1,1
OG_1488,1,1,1,1,1
OG_1489,1,1,1,1,1
OG_1490,1,1,1,1,1
OG_1491,1,1,1,1,1
OG_1492,1,1,1,1,1
OG_1493,1,1,1,1,1
OG_1494,1,1,1,1,1
OG_1495,1,1,1,1,1
OG_1496,1,1,1,1,1
OG_1497,1,1,1,1,1
OG_1498,1,1,1,1,1
OG_1499,1,1,1,1,1
OG_1500,1,1,1,1,1
OG_1501,1,1,1,1,1
OG_1502,1,1,1,1,1
OG_1503,1,1,1,1,1
OG_1504,1,1,1,1,1
OG_1505,1,1,1,1,1
OG_1506,1,1,1,1,1
OG_1507,1,1,1,1,1
OG_1508,1,1,1,0,1
OG_1509,1,1,1,1,1
OG_1510,1,1,1,1,1
OG_1511,1,1,1,1,1
OG_1512,1,1,1,1,1
OG_1513,1,1,1,1,1
OG_1514,1,1,1,1,1
OG_1515,1,1,1,1,1
OG_1516,1,1,1,1,1
OG_1517,1,1,1,1,1
OG_1518,1,1,1,1,1
OG_1519,1,1,1,1,1
OG_1520,1,1,1,1,1
OG_1521,1,1,1,1,1
OG_1522,1,1,1,1,1
OG_1523,1,1,1,1,1
OG_1524,1,1,1,1,1
OG_1525,1,1,1,1,1
OG_1526,1,1,1,1,1
OG_1527,1,1,1,1,1
OG_1528,1,1,1,1,1
OG_1529,1,1,1,1,1
OG_1530,1,1,1,1,1
OG_1531,1,1,1,1,1
OG_1532,1,1,1,1,1
OG_1533,1,1,1,1,1
OG_1534,1,1,1,1,1
OG_1535,1,1,1,1,1
OG_1536,1,1,1,1,1
OG_1537,1,1,1,1,1
OG_1538,1,1,1,1,1
OG_1539,1,1,1,1,1
OG_1540,1,1,1,1,1
OG_1541,1,1,1,1,1
OG_1542,1,1,1,1,1
OG_1543,1,1,1,1,1
OG_1544,1,1,1,0,0
OG_1545,1,1,1,0,1
OG_1546,1,1,1,1,1
OG_1547,1,1,1,1,1
OG_1548,1,1,1,1,0
OG_1549,1,1,1,1,0
OG_1550,1,1,1,1,0
OG_1551,1,1,1,1,1
OG_1552,1,1,1,1,1
OG_1553,1,1,1,1,1
OG_1554,1,1,1,1,1
OG_1555,1,1,1,0,1
OG_1556,1,1,1,1,1
OG_1557,1,1,1,1,1
OG_1558,1,1,1,1,1
OG_1559,1,1,1,1,1
OG_1560,1,1,1,1,1
OG_1561,1,1,1,1,1
OG_1562,1,1,1,1,1
OG_1563,1,1,1,1,1
OG_1564,1,1,1,1,1
OG_1565,1,1,1,1,1
OG_1566,1,1,1,1,1
OG_1567,1,1,1,1,1
OG_1568,1,1,1,1,1
OG_1569,1,1,1,1,1
OG_1570,1,1,1,1,1
OG_1571,1,1,1,1,1
OG_1572,1,1,1,1,1
OG_1573,1,0,0,1,0
OG_1574,1,1,1,1,1
OG_1575,1,1,1,1,1
OG_1576,1,1,1,1,1
OG_1577,1,1,1,1,1
OG_1578,1,1,1,1,1
OG_1579,1,1,1,1,1
OG_1580,1,1,1,1,1
OG_1581,1,1,1,1,1
OG_1582,1,1,1,1,1
OG_1583,1,1,1,0,1
OG_1584,1,1,1,0,1
OG_1585,1,1,1,0,1
OG_1586,1,1,1,0,1
OG_1587,1,1,1,0,0
OG_1588,1,1,1,1,1
OG_1589,1,1,1,0,1
OG_1590,1,1,1,1,1
OG_1591,1,1,1,1,1
OG_1592,1,1,1,1,1
OG_1593,1,1,1,1,1
OG_1594,1,1,1,1,1
OG_1595,1,1,1,1,1
OG_1596,1,1,1,1,1
OG_1597,1,1,1,1,0
OG_1598,1,1,1,1,1
OG_1599,1,1,1,1,1
OG_1600,1,1,1,1,0
OG_1601,1,1,1,1,1
OG_1602,1,1,1,1,1
OG_1603,1,1,1,1,1
OG_1604,1,1,1,1,1
OG_1605,1,1,1,1,1
OG_1606,1,1,1,1,0
OG_1607,1,1,1,0,0
OG_1608,1,1,1,1,1
OG_1609,1,1,1,1,0
OG_1610,1,1,1,1,1
OG_1611,1,1,1,1,1
OG_1612,1,1,1,1,1
OG_1613,1,1,1,1,1
OG_1614,1,1,1,1,1
OG_1615,1,1,1,1,1
OG_1616,1,1,1,1,1
OG_1617,1,1,1,1,1
OG_1618,1,1,1,1,1
OG_1619,1,1,1,1,1
OG_1620,1,1,1,0,0
OG_1621,1,1,1,0,1
OG_1622,1,1,1,0,1
OG_1623,1,1,1,0,1
OG_1624,1,1,1,0,1
OG_1625,1,1,1,0,1
OG_1626,1,1,1,0,1
OG_1627,1,1,1,0,1
OG_1628,1,1,1,1,1
OG_1629,1,1,1,1,1
OG_1630,1,1,1,1,1
OG_1631,1,1,1,1,1
OG_1632,1,1,1,1,1
OG_1633,1,1,1,1,1
OG_1634,1,1,1,1,0
OG_1635,1,1,1,1,0
OG_1636,1,1,1,1,0
OG_1637,1,1,1,0,0
OG_1638,1,1,1,1,0
OG_1639,1,1,1,1,0
OG_1640,1,1,1,1,0
OG_1641,1,1,1,1,0
OG_1642,1,1,1,1,0
OG_1643,1,1,1,1,0
OG_1644,1,1,1,0,0
OG_1645,1,1,1,1,0
OG_1646,1,1,1,1,0
OG_1647,1,1,1,0,0
OG_1648,1,1,1,0,0
OG_1649,1,1,1,1,1
OG_1650,1,1,1,1,1
OG_1651,1,1,1,1,1
OG_1652,1,1,1,1,1
OG_1653,1,1,1,1,1
OG_1654,1,1,1,1,1
OG_1655,1,1,1,1,1
OG_1656,1,1,1,1,1
OG_1657,1,1,1,1,1
OG_1658,1,1,1,1,1
OG_1659,1,1,1,1,1
OG_1660,1,1,1,0,1
OG_1661,1,1,1,1,1
OG_1662,1,1,1,1,1
OG_1663,1,1,1,1,1
OG_1664,1,1,1,1,1
OG_1665,1,1,1,1,1
OG_1666,1,1,1,1,1
OG_1667,1,1,1,1,1
OG_1668,1,1,1,1,1
OG_1669,1,1,1,1,1
OG_1670,1,1,1,1,1
OG_1671,1,1,1,1,1
OG_1672,1,1,1,1,1
OG_1673,1,1,1,1,1
OG_1674,1,1,1,1,1
OG_1675,1,1,1,1,1
OG_1676,1,1,1,1,1
OG_1677,1,1,1,1,1
OG_1678,1,1,1,1,1
OG_1679,1,1,1,1,1
OG_1680,1,1,1,1,1
OG_1681,1,1,1,1,1
OG_1682,1,1,1,1,0
OG_1683,1,1,1,1,1
OG_1684,1,1,1,0,1
OG_1685,1,1,1,1,1
OG_1686,1,1,1,1,1
OG_1687,1,0,0,0,1
OG_1688,1,1,1,1,1
OG_1689,1,1,1,0,1
OG_1690,1,1,1,1,1
OG_1691,1,1,1,1,1
OG_1692,1,1,1,1,0
OG_1693,1,1,1,1,1
OG_1694,1,1,1,1,1
OG_1695,1,1,1,1,1
OG_1696,1,1,1,1,1
OG_1697,1,1,1,1,1
OG_1698,1,1,1,1,1
OG_1699,1,1,1,1,1
OG_1700,1,1,1,1,1
OG_1701,1,1,1,1,1
OG_1702,1,1,1,1,1
OG_1703,1,1,1,1,1
OG_1704,1,1,1,1,1
OG_1705,1,1,1,1,1
OG_1706,1,1,1,1,1
OG_1707,1,1,1,0,1
OG_1708,1,1,1,1,1
OG_1709,1,1,1,1,1
OG_1710,1,1,1,1,1
OG_1711,1,1,1,1,1
OG_1712,1,1,1,0,0
OG_1713,1,1,1,0,0
OG_1714,1,1,1,1,1
OG_1715,1,1,1,1,1
OG_1716,1,1,1,1,1
OG_1717,1,1,1,0,0
OG_1718,1,1,1,0,1
OG_1719,1,1,1,1,1
OG_1720,1,1,1,1,1
OG_1721,1,1,1,1,1
OG_1722,1,1,1,1,1
OG_1723,1,1,1,1,0
OG_1724,1,1,1,1,1
OG_1725,1,1,1,1,1
OG_1726,1,1,1,1,1
OG_1727,1,1,1,1,1
OG_1728,1,1,1,1,1
OG_1729,1,1,0,0,0
OG_1730,1,1,1,0,1
OG_1731,1,1,1,0,1
OG_1732,1,1,1,0,1
OG_1733,1,1,1,0,1
OG_1734,1,1,1,0,1
OG_1735,1,1,1,1,1
OG_1736,1,1,1,1,1
OG_1737,1,1,1,1,1
OG_1738,1,1,1,0,1
OG_1739,1,1,1,0,1
OG_1740,1,1,1,1,1
OG_1741,1,1,1,1,0
OG_1742,1,1,1,0,1
OG_1743,1,1,1,1,1
OG_1744,1,1,1,1,1
OG_1745,1,1,1,1,1
OG_1746,1,1,1,1,1
OG_1747,1,1,1,1,1
OG_1748,1,1,1,1,1
OG_1749,1,1,1,1,1
OG_1750,1,1,1,1,1
OG_1751,1,1,1,1,1
OG_1752,1,1,1,1,1
OG_1753,1,1,1,1,1
OG_1754,1,1,1,1,1
OG_1755,1,1,1,1,1
OG_1756,1,1,1,1,1
OG_1757,1,1,1,1,1
OG_1758,1,1,1,1,1
OG_1759,1,1,1,1,1
OG_1760,1,1,1,1,1
OG_1761,1,0,1,1,1
OG_1762,1,1,1,1,1
OG_1763,1,1,1,1,1
OG_1764,1,1,1,0,1
OG_1765,1,1,1,1,1
OG_1766,1,1,1,1,1
OG_1767,1,1,1,1,1
OG_1768,1,1,1,1,1
OG_1769,1,0,1,1,0
OG_1770,1,1,0,0,1
OG_1771,1,1,0,0,1
OG_1772,1,1,1,0,1
OG_1773,1,1,1,1,1
OG_1774,1,0,0,0,1
OG_1775,1,0,0,0,1
OG_1776,1,1,1,1,1
OG_1777,1,1,1,0,1
OG_1778,1,1,1,1,1
OG_1779,1,1,1,1,1
OG_1780,1,1,1,0,1
OG_1781,1,1,1,1,1
OG_1782,1,1,1,1,1
OG_1783,1,1,1,1,1
OG_1784,1,1,1,1,1
OG_1785,1,1,1,1,1
OG_1786,1,1,1,1,1
OG_1787,1,1,1,1,1
OG_1788,1,1,1,1,1
OG_1789,1,1,1,1,1
OG_1790,1,1,1,0,1
OG_1791,1,1,1,1,0
OG_1792,1,1,1,0,1
OG_1793,1,1,1,1,1
OG_1794,1,1,1,1,1
OG_1795,1,1,1,1,1
OG_1796,1,1,1,1,1
OG_1797,1,1,1,1,0
OG_1798,1,0,1,1,0
OG_1799,1,0,1,0,0
OG_1800,1,1,0,0,0
OG_1801,1,1,1,0,1
OG_1802,1,1,1,1,1
OG_1803,1,1,1,1,1
OG_1804,1,1,1,0,1
OG_1805,1,1,1,0,0
OG_1806,1,1,1,1,1
OG_1807,1,1,1,1,1
OG_1808,1,2,0,1,0
OG_1809,1,1,0,1,0
OG_1810,1,2,0,1,0
OG_1811,1,2,0,1,0
OG_1812,1,1,0,0,0
OG_1813,1,1,0,0,0
OG_1814,1,1,0,0,0
OG_1815,1,1,0,0,1
OG_1816,2,1,1,0,1
OG_1817,1,1,0,0,0
OG_1818,1,1,0,0,0
OG_1819,1,1,0,0,0
OG_1820,1,1,0,0,0
OG_1821,1,1,0,0,0
OG_1822,2,1,1,0,1
OG_1823,1,2,2,1,2
OG_1824,1,1,0,0,0
OG_1825,1,0,1,1,2
OG_1826,1,1,1,0,1
OG_1827,1,1,1,0,1
OG_1828,1,1,1,1,0
OG_1829,1,1,0,0,0
OG_1830,1,1,0,0,0
OG_1831,1,1,1,0,2
OG_1832,1,0,0,1,0
OG_1833,1,2,0,1,0
OG_1834,1,0,1,1,0
OG_1835,1,0,0,1,0
OG_1836,1,0,1,0,0
OG_1837,1,0,1,1,0
OG_1838,1,1,0,1,0
OG_1839,1,1,0,1,1
OG_1840,1,1,1,1,1
OG_1841,1,1,1,1,0
OG_1842,1,1,1,0,0
OG_1843,1,1,1,0,0
OG_1844,1,1,1,0,0
OG_1845,1,1,1,0,0
OG_1846,1,1,1,0,0
OG_1847,1,1,1,0,0
OG_1848,1,1,1,0,0
OG_1849,1,1,1,0,0
OG_1850,1,1,1,0,0
OG_1851,1,1,1,0,0
OG_1852,1,1,1,0,0
OG_1853,1,1,0,0,0
OG_1854,1,1,1,0,0
OG_1855,1,1,1,0,0
OG_1856,1,1,1,0,1
OG_1857,1,1,1,1,1
OG_1858,1,1,1,0,0
OG_1859,1,1,1,0,1
OG_1860,1,1,1,0,1
OG_1861,1,1,1,1,1
OG_1862,1,1,1,1,1
OG_1863,1,1,1,1,1
OG_1864,1,1,1,1,1
OG_1865,1,1,0,0,0
OG_1866,1,1,0,0,0
OG_1867,1,1,0,0,0
OG_1868,1,1,0,0,0
OG_1869,1,1,0,0,0
OG_1870,1,1,0,0,0
OG_1871,1,2,1,0,0
OG_1872,1,2,1,0,0
OG_1873,1,2,1,0,0
OG_1874,1,1,1,0,0
OG_1875,1,1,1,0,0
OG_1876,1,2,1,0,0
OG_1877,1,0,0,0,1
OG_1878,1,0,0,0,1
OG_1879,1,1,0,0,0
OG_1880,1,2,1,0,0
OG_1881,1,1,0,0,0
OG_1882,1,1,0,0,0
OG_1883,1,1,0,0,0
OG_1884,1,1,0,0,0
OG_1885,1,2,1,0,0
OG_1886,2,2,2,0,0
OG_1887,2,2,2,0,0
OG_1888,2,1,1,0,0
OG_1889,2,2,2,0,0
OG_1890,1,1,0,0,0
OG_1891,1,1,1,1,0
OG_1892,1,1,1,0,0
OG_1893,1,1,1,0,0
OG_1894,1,1,1,0,0
OG_1895,1,1,1,1,1
OG_1896,1,0,0,1,1
OG_1897,1,0,0,0,1
OG_1898,1,1,1,1,1
OG_1899,1,1,1,1,1
OG_1900,1,1,1,1,1
OG_1901,1,1,0,0,0
OG_1902,1,1,0,1,1
OG_1903,1,1,1,1,1
OG_1904,1,1,1,1,1
OG_1905,1,1,1,1,1
OG_1906,1,1,1,1,1
OG_1907,1,1,1,1,1
OG_1908,1,1,1,1,1
OG_1909,1,1,1,1,1
OG_1910,1,1,1,1,1
OG_1911,1,1,1,1,1
OG_1912,1,1,1,1,1
OG_1913,1,1,1,1,1
OG_1914,1,0,0,1,0
OG_1915,1,1,0,1,1
OG_1916,1,1,0,1,1
OG_1917,1,1,0,1,1
OG_1918,1,1,0,1,1
OG_1919,1,1,1,1,1
OG_1920,1,1,1,1,0
OG_1921,1,1,1,1,1
OG_1922,1,1,1,1,1
OG_1923,1,1,1,1,1
OG_1924,1,1,1,1,1
OG_1925,1,1,1,1,1
OG_1926,1,1,1,1,1
OG_1927,1,1,1,0,1
OG_1928,1,1,1,1,1
OG_1929,1,1,1,1,1
OG_1930,1,1,1,1,1
OG_1931,1,1,1,1,1
OG_1932,1,1,1,1,1
OG_1933,1,1,1,1,1
OG_1934,1,1,1,1,1
OG_1935,1,1,1,1,1
OG_1936,1,1,1,1,1
OG_1937,1,1,1,1,1
OG_1938,1,1,1,1,1
OG_1939,1,1,1,1,1
OG_1940,1,1,1,1,1
OG_1941,1,0,1,0,0
OG_1942,1,0,1,0,0
OG_1943,1,1,1,1,1
OG_1944,1,1,1,1,1
OG_1945,1,1,1,1,1
OG_1946,1,1,1,0,0
OG_1947,1,1,1,1,1
OG_1948,1,1,1,1,1
OG_1949,1,1,1,1,1
OG_1950,1,1,1,1,1
OG_1951,1,1,1,1,1
OG_1952,1,1,1,1,1
OG_1953,1,1,1,1,1
OG_1954,1,1,1,1,1
OG_1955,1,1,1,1,1
OG_1956,1,1,1,1,1
OG_1957,1,1,1,1,1
OG_1958,1,1,1,1,1
OG_1959,1,1,1,1,1
OG_1960,1,1,1,1,1
OG_1961,1,1,1,0,1
OG_1962,1,1,1,1,1
OG_1963,1,1,1,1,0
OG_1964,1,0,1,1,1
OG_1965,1,1,1,1,1
OG_1966,1,1,1,1,1
OG_1967,1,1,1,0,1
OG_1968,1,1,1,1,1
OG_1969,1,1,1,1,1
OG_1970,1,1,1,1,1
OG_1971,1,1,1,1,1
OG_1972,1,1,1,1,1
OG_1973,1,1,1,1,1
OG_1974,1,1,1,1,1
OG_1975,1,1,1,1,1
OG_1976,1,1,1,1,1
OG_1977,1,1,1,0,1
OG_1978,1,1,1,0,1
OG_1979,1,1,1,0,1
OG_1980,1,1,1,0,1
OG_1981,1,1,1,0,1
OG_1982,1,1,1,0,1
OG_1983,1,1,1,0,1
OG_1984,1,1,1,0,1
OG_1985,1,1,1,1,1
OG_1986,1,1,1,1,1
OG_1987,1,1,1,0,0
OG_1988,1,0,0,1,0
OG_1989,1,1,1,1,0
OG_1990,1,1,0,0,0
OG_1991,1,0,2,1,0
OG_1992,1,1,1,1,0
OG_1993,1,1,1,1,0
OG_1994,1,1,1,1,0
OG_1995,1,1,1,1,0
OG_1996,1,1,1,1,1
OG_1997,1,1,1,1,1
OG_1998,1,1,1,1,1
OG_1999,1,1,1,1,1
OG_2000,1,1,1,1,0
OG_2001,1,1,1,1,1
OG_2002,1,1,1,1,1
OG_2003,1,1,1,1,1
OG_2004,1,1,1,1,1
OG_2005,1,1,1,1,1
OG_2006,1,1,1,1,1
OG_2007,1,1,1,1,1
OG_2008,1,1,1,1,1
OG_2009,1,1,1,1,1
OG_2010,1,1,1,1,1
OG_2011,1,1,1,1,0
OG_2012,1,1,1,0,1
OG_2013,1,1,1,0,1
OG_2014,1,1,1,1,1
OG_2015,1,1,1,1,1
OG_2016,1,1,1,1,1
OG_2017,1,1,1,1,1
OG_2018,1,1,1,1,1
OG_2019,1,1,1,1,1
OG_2020,1,1,1,0,0
OG_2021,1,1,1,1,1
OG_2022,1,1,1,1,1
OG_2023,1,1,1,1,1
OG_2024,1,1,1,1,1
OG_2025,1,1,1,1,1
OG_2026,1,1,1,1,1
OG_2027,1,1,1,1,1
OG_2028,1,1,1,0,1
OG_2029,1,1,1,1,1
OG_2030,1,1,1,1,1
OG_2031,1,1,1,1,1
OG_2032,1,1,1,1,1
OG_2033,1,1,1,1,1
OG_2034,1,1,1,1,1
OG_2035,1,1,1,0,1
OG_2036,1,1,2,1,2
OG_2037,1,1,1,1,1
OG_2038,1,1,1,1,1
OG_2039,1,1,1,1,1
OG_2040,1,1,1,1,1
OG_2041,1,1,1,1,1
OG_2042,1,1,1,1,1
OG_2043,1,1,1,1,1
OG_2044,1,1,1,1,1
OG_2045,1,1,1,1,1
OG_2046,1,1,1,1,1
OG_2047,1,1,1,1,1
OG_2048,1,1,1,1,1
OG_2049,1,1,1,1,1
OG_2050,1,1,1,1,1
OG_2051,1,1,1,1,1
OG_2052,1,1,1,1,1
OG_2053,1,1,1,1,1
OG_2054,1,1,1,1,1
OG_2055,1,1,1,1,1
OG_2056,1,1,1,1,1
OG_2057,1,1,1,1,1
OG_2058,1,1,1,1,1
OG_2059,1,1,1,1,1
OG_2060,1,1,1,1,1
OG_2061,1,1,1,1,1
OG_2062,1,1,0,0,0
OG_2063,1,1,1,1,1
OG_2064,1,1,1,1,1
OG_2065,1,1,1,1,1
OG_2066,1,1,1,1,1
OG_2067,1,1,1,1,1
OG_2068,1,1,1,1,1
OG_2069,1,1,1,1,1
OG_2070,1,1,1,1,1
OG_2071,1,1,1,1,1
OG_2072,1,1,1,1,1
OG_2073,1,1,1,1,1
OG_2074,1,1,1,1,1
OG_2075,1,1,1,1,1
OG_2076,1,1,1,1,1
OG_2077,1,1,1,1,1
OG_2078,1,1,1,1,1
OG_2079,1,1,1,1,1
OG_2080,1,1,1,1,1
OG_2081,1,1,1,1,0
OG_2082,1,1,1,1,1
OG_2083,1,1,1,1,1
OG_2084,1,1,1,1,1
OG_2085,1,1,1,1,1
OG_2086,1,1,1,1,1
OG_2087,1,1,1,1,1
OG_2088,1,1,1,1,1
OG_2089,1,1,1,1,1
OG_2090,1,1,1,0,0
OG_2091,1,1,1,0,0
OG_2092,1,1,1,0,0
OG_2093,1,1,1,0,0
OG_2094,1,1,1,0,0
OG_2095,1,1,1,0,0
OG_2096,1,1,1,1,1
OG_2097,1,1,1,1,1
OG_2098,1,1,1,1,0
OG_2099,1,1,1,0,1
OG_2100,1,1,1,0,0
OG_2101,1,1,1,1,1
OG_2102,1,1,1,1,1
OG_2103,1,1,1,1,0
OG_2104,1,1,1,1,1
OG_2105,1,1,1,1,1
OG_2106,1,1,1,1,1
OG_2107,1,1,1,0,1
OG_2108,1,1,1,1,1
OG_2109,1,1,1,1,1
OG_2110,1,1,1,1,1
OG_2111,1,1,1,1,1
OG_2112,1,1,1,1,1
OG_2113,1,1,1,1,1
OG_2114,1,1,1,0,0
OG_2115,1,1,1,1,0
OG_2116,1,1,1,1,0
OG_2117,1,1,0,1,0
OG_2118,1,1,0,1,0
OG_2119,1,1,1,0,0
OG_2120,1,1,1,0,1
OG_2121,1,1,1,0,1
OG_2122,1,1,1,1,1
OG_2123,1,1,1,1,1
OG_2124,1,1,1,1,1
OG_2125,1,1,1,1,1
OG_2126,1,1,1,1,1
OG_2127,1,1,1,1,1
OG_2128,1,1,1,1,1
OG_2129,1,1,1,1,1
OG_2130,1,1,1,1,1
OG_2131,1,1,1,1,1
OG_2132,1,1,1,1,1
OG_2133,1,1,1,1,1
OG_2134,1,1,1,1,1
OG_2135,1,1,1,1,1
OG_2136,1,1,1,1,1
OG_2137,1,1,1,1,1
OG_2138,1,1,1,1,1
OG_2139,1,1,1,1,1
OG_2140,1,1,0,0,0
OG_2141,1,1,1,0,0
OG_2142,1,1,1,0,1
OG_2143,1,1,1,1,1
OG_2144,1,1,1,1,1
OG_2145,1,1,1,1,1
OG_2146,1,1,1,1,1
OG_2147,1,1,1,1,1
OG_2148,1,1,1,1,1
OG_2149,1,1,1,1,1
OG_2150,1,1,1,1,1
OG_2151,1,1,1,1,1
OG_2152,1,1,1,1,1
OG_2153,1,1,1,1,1
OG_2154,1,1,1,1,1
OG_2155,1,1,1,1,1
OG_2156,1,1,1,1,1
OG_2157,1,1,1,1,1
OG_2158,1,1,1,1,1
OG_2159,1,1,1,0,1
OG_2160,1,1,1,1,1
OG_2161,1,1,1,1,1
OG_2162,1,1,1,1,1
OG_2163,1,1,1,1,1
OG_2164,1,1,1,1,1
OG_2165,1,1,1,1,1
OG_2166,1,1,1,1,1
OG_2167,1,1,1,1,1
OG_2168,1,1,1,1,1
OG_2169,1,1,1,1,1
OG_2170,1,1,1,1,1
OG_2171,1,1,1,1,1
OG_2172,1,1,1,1,1
OG_2173,1,0,1,0,1
OG_2174,1,1,1,1,1
OG_2175,1,1,1,1,1
OG_2176,1,1,1,1,1
OG_2177,1,1,1,1,1
OG_2178,1,1,1,1,1
OG_2179,1,1,1,1,1
OG_2180,1,1,1,1,1
OG_2181,1,1,1,1,1
OG_2182,1,1,1,1,1
OG_2183,1,1,1,1,1
OG_2184,1,1,1,1,1
OG_2185,1,1,1,1,1
OG_2186,1,1,1,1,1
OG_2187,1,1,1,1,1
OG_2188,1,1,1,1,1
OG_2189,1,1,1,1,1
OG_2190,1,1,1,1,1
OG_2191,1,1,1,1,1
OG_2192,1,1,1,1,1
OG_2193,1,1,1,1,1
OG_2194,1,1,1,1,1
OG_2195,1,1,1,1,1
OG_2196,1,1,1,1,1
OG_2197,1,1,1,1,1
OG_2198,1,1,1,1,1
OG_2199,1,1,1,1,1
OG_2200,1,1,1,1,1
OG_2201,1,1,1,1,1
OG_2202,1,1,1,1,1
OG_2203,1,1,1,1,1
OG_2204,1,1,1,1,1
OG_2205,1,1,1,1,0
OG_2206,1,1,1,0,1
OG_2207,1,1,1,1,1
OG_2208,1,1,1,1,1
OG_2209,1,1,1,1,1
OG_2210,1,1,1,1,1
OG_2211,1,1,1,1,1
OG_2212,1,1,1,1,1
OG_2213,1,1,1,1,1
OG_2214,1,1,0,0,1
OG_2215,2,0,0,0,0
OG_2216,1,0,0,0,1
OG_2217,1,0,0,0,1
OG_2218,1,0,0,0,1
OG_2219,1,0,0,0,1
OG_2220,1,1,1,0,0
OG_2221,1,0,0,0,1
OG_2222,1,0,0,0,1
OG_2223,1,0,0,0,1
OG_2224,1,0,0,0,1
OG_2225,1,1,1,0,1
OG_2226,1,0,0,0,1
OG_2227,1,0,0,0,1
OG_2228,1,0,0,0,1
OG_2229,1,0,0,0,1
OG_2230,1,1,1,0,0
OG_2231,1,1,0,0,0
OG_2232,2,0,0,0,0
OG_2233,1,0,0,0,1
OG_2234,1,1,0,0,0
OG_2235,1,1,0,0,0
OG_2236,1,1,1,1,1
OG_2237,1,1,1,1,1
OG_2238,1,1,1,1,1
OG_2239,1,1,1,1,1
OG_2240,1,1,1,1,1
OG_2241,1,1,1,1,1
OG_2242,1,1,1,1,1
OG_2243,1,1,1,1,1
OG_2244,1,1,1,1,1
OG_2245,1,1,1,1,1
OG_2246,1,1,1,1,1
OG_2247,1,1,1,1,1
OG_2248,1,1,1,1,1
OG_2249,1,1,1,1,1
OG_2250,1,1,1,1,0
OG_2251,1,1,1,1,1
OG_2252,1,1,1,1,1
OG_2253,1,1,1,1,1
OG_2254,1,1,1,1,1
OG_2255,1,1,1,1,0
OG_2256,1,1,1,1,1
OG_2257,1,1,1,1,1
OG_2258,1,1,1,1,1
OG_2259,1,1,1,1,1
OG_2260,1,1,1,1,1
OG_2261,1,1,1,1,1
OG_2262,1,1,1,1,1
OG_2263,1,1,1,1,1
OG_2264,1,1,1,1,1
OG_2265,1,1,1,1,1
OG_2266,1,1,1,1,1
OG_2267,1,1,0,0,0
OG_2268,1,1,0,0,0
OG_2269,1,1,0,0,0
OG_2270,1,1,0,0,0
OG_2271,1,1,1,1,1
OG_2272,1,1,1,1,1
OG_2273,1,1,1,1,1
OG_2274,1,1,1,1,1
OG_2275,1,1,1,1,1
OG_2276,1,1,1,1,1
OG_2277,1,1,1,1,1
OG_2278,1,1,1,1,1
OG_2279,1,1,1,1,1
OG_2280,1,1,1,1,1
OG_2281,1,1,1,0,1
OG_2282,1,1,1,1,1
OG_2283,1,1,1,1,1
OG_2284,1,1,1,1,1
OG_2285,1,1,1,1,1
OG_2286,1,1,1,1,1
OG_2287,1,1,1,1,1
OG_2288,1,1,1,1,1
OG_2289,1,1,1,1,1
OG_2290,1,1,1,1,1
OG_2291,1,1,1,1,1
OG_2292,1,1,1,1,1
OG_2293,1,1,1,1,1
OG_2294,1,1,1,1,1
OG_2295,1,1,1,1,1
OG_2296,1,1,1,1,1
OG_2297,1,1,1,1,1
OG_2298,1,1,1,1,1
OG_2299,1,1,1,1,1
OG_2300,1,1,1,1,0
OG_2301,1,1,1,1,0
OG_2302,1,1,1,0,1
OG_2303,1,1,1,0,0
OG_2304,1,1,1,0,0
OG_2305,1,1,1,1,0
OG_2306,1,1,1,1,0
OG_2307,1,1,1,1,0
OG_2308,1,1,1,1,0
OG_2309,1,1,1,1,0
OG_2310,1,1,1,1,0
OG_2311,1,1,1,1,0
OG_2312,1,1,1,1,1
OG_2313,1,1,1,1,1
OG_2314,1,1,1,1,1
OG_2315,1,1,1,0,1
OG_2316,1,1,1,0,1
OG_2317,1,1,1,1,1
OG_2318,1,1,1,1,1
OG_2319,1,1,1,1,1
OG_2320,1,1,1,1,0
OG_2321,1,1,1,0,1
OG_2322,1,1,1,1,1
OG_2323,1,1,1,1,1
OG_2324,1,1,1,1,1
OG_2325,1,1,1,1,1
OG_2326,1,1,1,1,1
OG_2327,1,1,1,1,1
OG_2328,1,1,1,1,1
OG_2329,1,1,0,1,1
OG_2330,1,1,1,1,1
OG_2331,1,1,1,1,1
OG_2332,1,1,1,1,1
OG_2333,1,1,1,1,1
OG_2334,1,1,1,1,1
OG_2335,1,1,1,1,1
OG_2336,1,1,1,1,1
OG_2337,1,1,1,1,1
OG_2338,1,1,1,1,1
OG_2339,1,1,1,1,1
OG_2340,1,1,1,1,1
OG_2341,1,1,1,1,1
OG_2342,1,1,1,1,1
OG_2343,1,1,1,1,1
OG_2344,1,1,1,1,0
OG_2345,1,1,1,0,1
OG_2346,1,1,1,0,1
OG_2347,1,1,1,0,1
OG_2348,1,1,1,1,1
OG_2349,1,0,0,0,1
OG_2350,1,1,1,1,1
OG_2351,1,1,1,1,1
OG_2352,1,1,1,1,1
OG_2353,1,1,0,0,0
OG_2354,1,1,1,0,0
OG_2355,1,1,1,0,0
OG_2356,1,1,1,1,1
OG_2357,1,1,1,1,1
OG_2358,1,1,1,1,1
OG_2359,1,1,1,1,1
OG_2360,1,1,1,1,1
OG_2361,1,1,1,1,1
OG_2362,1,1,1,1,1
OG_2363,1,1,1,1,1
OG_2364,1,1,1,1,1
OG_2365,1,1,1,1,1
OG_2366,1,1,1,1,0
OG_2367,1,1,1,1,0
OG_2368,1,1,1,1,1
OG_2369,1,1,1,1,1
OG_2370,1,1,1,1,1
OG_2371,1,1,1,1,1
OG_2372,1,1,1,1,1
OG_2373,1,1,1,1,1
OG_2374,1,1,1,1,1
OG_2375,1,1,1,1,1
OG_2376,1,1,1,1,1
OG_2377,1,1,1,1,1
OG_2378,1,1,1,1,1
OG_2379,1,1,1,1,1
OG_2380,1,1,1,1,1
OG_2381,1,1,1,1,1
OG_2382,1,1,1,1,1
OG_2383,1,1,1,1,1
OG_2384,1,1,1,1,1
OG_2385,1,1,1,1,1
OG_2386,1,1,1,1,1
OG_2387,1,1,1,1,1
OG_2388,1,1,1,1,1
OG_2389,1,1,1,1,0
OG_2390,1,1,1,1,1
OG_2391,1,1,1,1,1
OG_2392,1,1,1,1,1
OG_2393,1,1,1,1,1
OG_2394,1,1,1,1,1
OG_2395,1,1,1,1,1
OG_2396,1,1,1,1,1
OG_2397,1,1,1,1,1
OG_2398,1,1,1,1,1
OG_2399,1,1,1,1,1
OG_2400,1,1,1,1,1
OG_2401,1,1,1,1,1
OG_2402,1,1,1,1,1
OG_2403,1,1,1,1,1
OG_2404,1,1,1,1,1
OG_2405,1,1,1,1,1
OG_2406,1,1,1,1,1
OG_2407,1,1,1,1,1
OG_2408,1,1,1,1,1
OG_2409,1,1,1,1,1
OG_2410,1,1,1,1,1
OG_2411,1,1,1,1,1
OG_2412,1,1,1,1,1
OG_2413,1,1,1,1,1
OG_2414,1,1,0,0,0
OG_2415,1,1,1,1,1
OG_2416,1,1,1,1,1
OG_2417,1,1,1,1,1
OG_2418,1,1,1,1,1
OG_2419,1,1,1,1,1
OG_2420,1,1,1,1,1
OG_2421,1,1,1,1,1
OG_2422,1,1,1,1,1
OG_2423,1,1,1,1,1
OG_2424,1,1,1,1,1
OG_2425,1,1,1,1,1
OG_2426,1,1,1,1,1
OG_2427,2,0,0,0,0
OG_2428,2,2,0,0,0
OG_2429,1,1,1,0,0
OG_2430,1,2,2,0,0
OG_2431,1,1,1,1,1
OG_2432,1,1,1,1,1
OG_2433,1,1,1,1,1
OG_2434,1,1,1,1,1
OG_2435,1,1,1,1,1
OG_2436,1,1,1,1,1
OG_2437,1,1,1,1,1
OG_2438,1,1,1,1,1
OG_2439,1,1,1,1,1
OG_2440,1,1,1,1,1
OG_2441,1,1,1,0,0
OG_2442,1,1,1,1,1
OG_2443,1,1,1,1,1
OG_2444,1,1,1,1,1
OG_2445,1,1,1,1,1
OG_2446,1,1,1,1,1
OG_2447,1,1,1,1,1
OG_2448,1,1,1,1,1
OG_2449,1,1,1,1,1
OG_2450,1,1,1,1,1
OG_2451,1,1,1,1,1
OG_2452,1,1,1,1,1
OG_2453,1,1,1,1,1
OG_2454,1,1,1,1,1
OG_2455,1,1,1,1,1
OG_2456,1,2,0,0,0
OG_2457,1,1,0,0,0
OG_2458,1,0,0,1,0
OG_2459,1,0,1,1,1
OG_2460,1,0,1,0,1
OG_2461,1,0,1,0,1
OG_2462,1,0,1,0,1
OG_2463,1,0,1,0,1
OG_2464,1,0,1,0,1
OG_2465,1,0,0,0,1
OG_2466,1,0,1,0,1
OG_2467,1,0,1,0,1
OG_2468,1,0,1,0,1
OG_2469,1,0,1,0,1
OG_2470,1,0,1,0,1
OG_2471,1,0,1,0,1
OG_2472,1,0,1,0,1
OG_2473,1,0,1,0,1
OG_2474,1,0,1,0,1
OG_2475,1,0,1,0,1
OG_2476,1,0,1,0,1
OG_2477,1,0,1,0,1
OG_2478,1,0,1,0,0
OG_2479,1,0,1,0,0
OG_2480,1,1,1,0,0
OG_2481,1,1,0,0,0
OG_2482,1,1,1,0,0
OG_2483,1,1,1,0,0
OG_2484,2,1,1,0,0
OG_2485,2,1,1,0,0
OG_2486,1,1,0,0,0
OG_2487,2,1,1,0,0
OG_2488,1,2,1,0,0
OG_2489,1,0,1,0,0
OG_2490,2,1,1,1,0
OG_2491,1,0,0,1,0
OG_2492,1,0,0,1,0
OG_2493,2,1,1,0,0
OG_2494,1,1,0,0,0
OG_2495,1,1,0,0,0
OG_2496,1,1,0,0,0
OG_2497,1,1,1,1,1
OG_2498,1,1,1,1,1
OG_2499,1,1,1,0,0
OG_2500,1,1,1,0,1
OG_2501,1,1,1,1,1
OG_2502,1,1,1,1,1
OG_2503,1,1,1,1,1
OG_2504,1,1,1,1,1
OG_2505,1,1,1,1,1
OG_2506,1,1,1,1,1
OG_2507,1,1,1,1,1
OG_2508,1,1,1,1,1
OG_2509,1,1,1,1,1
OG_2510,1,1,1,1,1
OG_2511,1,0,1,0,0
OG_2512,1,0,1,0,0
OG_2513,1,1,1,1,1
OG_2514,1,1,1,1,1
OG_2515,1,1,1,1,1
OG_2516,1,1,1,1,1
OG_2517,1,1,1,1,1
OG_2518,1,1,1,1,1
OG_2519,1,1,1,1,1
OG_2520,1,1,1,1,1
OG_2521,1,1,1,1,1
OG_2522,1,1,1,1,1
OG_2523,1,1,1,1,1
OG_2524,1,1,1,1,0
OG_2525,1,1,1,1,1
OG_2526,1,1,0,0,0
OG_2527,1,1,0,0,0
OG_2528,1,1,1,1,1
OG_2529,1,1,1,1,1
OG_2530,1,1,1,1,1
OG_2531,1,1,1,1,1
OG_2532,1,1,1,1,1
OG_2533,1,1,1,1,1
OG_2534,1,1,1,1,1
OG_2535,1,1,1,1,1
OG_2536,1,1,1,1,1
OG_2537,1,1,1,1,1
OG_2538,1,1,1,1,1
OG_2539,1,1,1,1,0
OG_2540,1,1,1,1,1
OG_2541,1,1,1,1,1
OG_2542,1,1,1,0,1
OG_2543,1,1,1,1,1
OG_2544,1,1,1,1,1
OG_2545,1,1,1,1,1
OG_2546,1,1,1,1,1
OG_2547,1,1,1,1,1
OG_2548,1,1,1,1,1
OG_2549,1,1,1,1,1
OG_2550,1,0,1,1,1
OG_2551,1,0,1,1,1
OG_2552,1,0,1,1,1
OG_2553,1,1,0,0,1
OG_2554,1,1,1,1,1
OG_2555,1,1,1,1,1
OG_2556,1,1,1,1,1
OG_2557,1,1,1,1,1
OG_2558,1,1,1,1,1
OG_2559,1,1,1,1,1
OG_2560,1,1,1,1,1
OG_2561,1,1,1,0,1
OG_2562,1,1,1,0,1
OG_2563,1,1,1,1,1
OG_2564,1,1,1,1,1
OG_2565,1,1,1,1,1
OG_2566,1,1,1,1,1
OG_2567,1,1,1,1,1
OG_2568,1,1,1,1,1
OG_2569,1,1,1,0,0
OG_2570,1,1,1,1,1
OG_2571,1,1,1,1,1
OG_2572,1,1,1,1,0
OG_2573,1,1,0,1,1
OG_2574,1,1,0,1,1
OG_2575,1,1,0,1,0
OG_2576,1,1,0,1,0
OG_2577,1,1,0,1,0
OG_2578,1,1,0,1,0
OG_2579,1,1,0,0,0
OG_2580,1,1,0,0,0
OG_2581,1,1,1,1,1
OG_2582,1,1,1,1,1
OG_2583,1,1,1,1,1
OG_2584,1,1,1,1,1
OG_2585,1,1,1,1,1
OG_2586,1,1,1,1,1
OG_2587,1,1,1,1,1
OG_2588,1,1,1,1,1
OG_2589,1,1,1,1,1
OG_2590,1,1,1,1,1
OG_2591,1,1,1,1,1
OG_2592,1,1,1,1,1
OG_2593,1,1,1,1,1
OG_2594,1,1,1,0,1
OG_2595,1,1,1,1,1
OG_2596,1,1,1,1,1
OG_2597,1,1,1,1,1
OG_2598,1,1,1,1,1
OG_2599,1,1,1,1,1
OG_2600,1,1,1,1,1
OG_2601,1,1,1,1,0
OG_2602,1,1,1,1,1
OG_2603,1,1,1,1,1
OG_2604,1,1,1,0,1
OG_2605,1,1,1,0,0
OG_2606,1,1,1,0,0
OG_2607,1,1,1,0,0
OG_2608,1,1,1,0,0
OG_2609,1,1,1,1,1
OG_2610,1,0,1,0,0
OG_2611,1,0,1,0,0
OG_2612,1,0,1,0,0
OG_2613,1,1,1,0,1
OG_2614,1,1,1,1,1
OG_2615,1,1,1,1,1
OG_2616,1,1,1,1,1
OG_2617,1,0,0,1,0
OG_2618,1,0,0,1,0
OG_2619,1,1,1,1,1
OG_2620,1,1,1,1,1
OG_2621,1,1,1,1,1
OG_2622,1,1,1,1,1
OG_2623,1,1,1,1,1
OG_2624,1,1,1,1,1
OG_2625,1,1,1,1,1
OG_2626,1,1,1,1,1
OG_2627,1,1,1,1,1
OG_2628,1,1,1,1,1
OG_2629,1,1,1,1,1
OG_2630,1,1,1,1,1
OG_2631,1,1,1,1,1
OG_2632,1,1,1,1,1
OG_2633,1,1,1,1,1
OG_2634,1,1,1,1,1
OG_2635,1,1,1,1,1
OG_2636,1,1,1,1,1
OG_2637,1,1,1,1,1
OG_2638,1,1,1,0,0
OG_2639,1,1,1,1,1
OG_2640,1,1,1,1,1
OG_2641,1,1,1,1,1
OG_2642,1,1,1,1,1
OG_2643,1,1,1,1,1
OG_2644,1,1,1,1,1
OG_2645,1,1,1,1,1
OG_2646,1,1,1,1,1
OG_2647,1,1,1,1,1
OG_2648,1,1,1,1,1
OG_2649,1,1,0,0,0
OG_2650,1,1,0,0,0
OG_2651,1,1,0,0,0
OG_2652,1,1,0,0,0
OG_2653,1,1,0,0,0
OG_2654,1,1,0,0,0
OG_2655,1,1,0,0,0
OG_2656,1,2,0,0,0
OG_2657,1,1,0,0,0
OG_2658,1,1,0,0,0
OG_2659,1,1,0,0,0
OG_2660,1,1,0,0,0
OG_2661,1,1,0,0,0
OG_2662,1,1,0,1,0
OG_2663,1,1,0,1,0
OG_2664,1,1,0,1,0
OG_2665,1,1,0,0,0
OG_2666,1,1,0,1,0
OG_2667,1,1,1,1,1
OG_2668,1,1,1,1,1
OG_2669,1,1,1,1,1
OG_2670,1,1,1,1,1
OG_2671,1,1,1,1,1
OG_2672,1,1,1,1,1
OG_2673,1,1,1,1,1
OG_2674,1,1,1,1,1
OG_2675,1,1,1,0,1
OG_2676,1,1,1,1,0
OG_2677,1,1,1,1,1
OG_2678,1,1,1,1,1
OG_2679,1,1,1,1,1
OG_2680,1,1,1,1,1
OG_2681,1,1,1,1,1
OG_2682,1,1,1,1,1
OG_2683,1,1,1,1,1
OG_2684,1,1,1,1,1
OG_2685,1,1,1,1,1
OG_2686,1,1,1,1,1
OG_2687,1,1,1,1,1
OG_2688,1,1,1,1,1
OG_2689,1,1,1,1,1
OG_2690,1,1,1,1,1
OG_2691,1,1,1,1,1
OG_2692,1,1,1,1,1
OG_2693,1,1,1,1,1
OG_2694,1,1,1,1,1
OG_2695,1,1,1,1,1
OG_2696,1,1,1,0,0
OG_2697,1,1,1,1,1
OG_2698,1,1,1,1,1
OG_2699,1,1,1,1,1
OG_2700,1,1,1,1,1
OG_2701,1,1,1,1,0
OG_2702,1,1,1,0,0
OG_2703,1,1,1,1,0
OG_2704,1,1,1,1,0
OG_2705,1,1,1,1,0
OG_2706,1,1,1,1,0
OG_2707,1,1,1,1,0
OG_2708,1,0,1,1,0
OG_2709,1,1,1,1,0
OG_2710,1,1,1,0,0
OG_2711,1,1,1,0,0
OG_2712,1,1,1,0,0
OG_2713,1,1,1,0,0
OG_2714,1,1,1,0,0
OG_2715,1,1,1,0,0
OG_2716,1,1,1,0,0
OG_2717,1,1,1,0,0
OG_2718,1,1,1,0,0
OG_2719,1,1,1,1,1
OG_2720,1,1,1,0,1
OG_2721,1,1,1,1,1
OG_2722,1,1,1,1,1
OG_2723,1,1,1,1,1
OG_2724,1,1,1,1,1
OG_2725,1,1,1,1,1
OG_2726,1,1,1,1,1
OG_2727,1,1,1,1,1
OG_2728,1,1,1,1,1
OG_2729,1,1,1,1,1
OG_2730,1,1,1,1,1
OG_2731,1,1,1,1,1
OG_2732,1,1,1,1,0
OG_2733,1,1,1,1,1
OG_2734,1,1,1,1,1
OG_2735,1,1,1,1,1
OG_2736,1,1,1,1,1
OG_2737,1,1,1,1,1
OG_2738,1,1,1,1,1
OG_2739,1,1,1,1,1
OG_2740,1,1,1,1,1
OG_2741,1,1,1,1,1
OG_2742,1,1,1,1,1
OG_2743,1,1,1,1,1
OG_2744,1,1,1,1,1
OG_2745,1,1,0,0,0
OG_2746,1,1,1,1,1
OG_2747,1,1,0,1,0
OG_2748,1,0,1,1,0
OG_2749,1,1,1,1,1
OG_2750,1,1,1,1,1
OG_2751,1,1,1,1,1
OG_2752,1,1,1,1,1
OG_2753,1,1,1,1,1
OG_2754,1,1,1,1,1
OG_2755,1,1,1,1,1
OG_2756,1,1,1,1,1
OG_2757,1,1,1,1,0
OG_2758,1,1,1,1,1
OG_2759,1,1,1,1,1
OG_2760,1,1,1,1,1
OG_2761,1,1,1,1,1
OG_2762,1,1,1,1,1
OG_2763,1,1,1,1,0
OG_2764,1,1,1,1,0
OG_2765,1,1,1,0,1
OG_2766,1,1,1,1,1
OG_2767,1,1,1,1,1
OG_2768,1,1,1,1,1
OG_2769,1,1,1,0,0
OG_2770,1,1,1,1,1
OG_2771,1,1,1,0,1
OG_2772,1,1,1,1,1
OG_2773,1,1,1,1,1
OG_2774,1,1,1,1,1
OG_2775,1,1,1,1,1
OG_2776,1,1,1,1,1
OG_2777,1,1,1,1,1
OG_2778,1,1,1,1,1
OG_2779,1,1,1,1,1
OG_2780,1,1,1,1,1
OG_2781,1,1,1,1,1
OG_2782,1,1,1,1,1
OG_2783,1,1,1,1,1
OG_2784,1,1,1,1,1
OG_2785,1,1,1,1,1
OG_2786,1,1,1,1,1
OG_2787,1,1,1,1,1
OG_2788,1,1,1,1,1
OG_2789,1,1,1,1,1
OG_2790,1,1,1,1,1
OG_2791,1,1,1,1,1
OG_2792,1,1,1,1,1
OG_2793,1,1,1,1,1
OG_2794,1,1,1,1,1
OG_2795,1,1,1,0,1
OG_2796,1,1,1,1,1
OG_2797,2,1,2,2,1
OG_2798,1,0,1,0,0
OG_2799,1,0,1,0,0
OG_2800,1,0,1,0,0
OG_2801,1,0,1,0,0
OG_2802,1,0,1,0,0
OG_2803,1,0,1,0,0
OG_2804,1,0,1,0,0
OG_2805,1,0,1,0,0
OG_2806,1,0,1,0,0
OG_2807,1,0,1,0,0
OG_2808,1,1,1,0,0
OG_2809,2,0,0,0,0
OG_2810,2,0,0,0,0
OG_2811,1,1,1,2,1
OG_2812,1,1,0,0,0
OG_2813,1,1,0,0,0
OG_2814,1,0,0,0,2
OG_2815,1,1,1,2,0
OG_2816,2,0,0,0,0
OG_2817,2,0,0,0,0
OG_2818,2,0,0,0,0
OG_2819,2,0,0,0,0
OG_2820,2,0,0,0,0
OG_2821,2,1,0,0,0
OG_2822,2,0,0,0,0
OG_2823,1,1,0,0,0
OG_2824,1,1,1,0,0
OG_2825,1,1,1,0,0
OG_2826,1,1,1,0,0
OG_2827,1,1,1,0,0
OG_2828,1,1,1,0,0
OG_2829,1,1,1,0,0
OG_2830,1,1,1,0,0
OG_2831,1,1,1,0,0
OG_2832,1,1,1,0,0
OG_2833,1,1,1,0,0
OG_2834,1,1,1,0,0
OG_2835,1,1,1,0,0
OG_2836,1,1,1,1,0
OG_2837,1,1,1,1,0
OG_2838,1,1,1,1,0
OG_2839,1,1,1,1,0
OG_2840,1,1,1,1,0
OG_2841,1,1,1,1,0
OG_2842,1,1,1,1,0
OG_2843,1,1,1,1,0
OG_2844,1,1,1,1,0
OG_2845,1,1,1,1,0
OG_2846,1,1,1,0,0
OG_2847,1,1,1,0,0
OG_2848,1,1,1,0,0
OG_2849,1,1,1,0,0
OG_2850,1,1,1,0,1
OG_2851,1,1,1,0,1
OG_2852,1,1,1,0,1
OG_2853,1,1,1,0,1
OG_2854,1,1,1,0,1
OG_2855,1,1,1,0,0
OG_2856,1,1,1,0,1
OG_2857,1,1,1,0,1
OG_2858,1,1,0,0,0
OG_2859,1,1,0,0,0
OG_2860,1,1,1,0,0
OG_2861,1,1,1,0,0
OG_2862,1,1,1,0,0
OG_2863,1,1,1,0,0
OG_2864,1,1,1,0,0
OG_2865,1,1,1,0,0
OG_2866,1,1,1,0,0
OG_2867,1,1,1,0,0
OG_2868,1,1,1,0,0
OG_2869,1,1,1,0,0
OG_2870,1,1,1,0,0
OG_2871,1,1,1,1,1
OG_2872,1,1,1,1,1
OG_2873,1,1,1,1,1
OG_2874,1,1,1,1,1
OG_2875,1,1,1,1,1
OG_2876,1,1,1,1,1
OG_2877,1,1,1,1,1
OG_2878,1,1,1,1,1
OG_2879,1,1,1,1,1
OG_2880,1,1,1,1,1
OG_2881,1,1,1,1,1
OG_2882,1,1,1,0,1
OG_2883,1,1,1,1,1
OG_2884,1,1,1,1,1
OG_2885,1,1,1,1,1
OG_2886,1,1,1,1,1
OG_2887,1,1,1,1,1
OG_2888,1,1,1,1,1
OG_2889,1,1,1,1,1
OG_2890,1,1,1,1,1
OG_2891,1,1,1,1,1
OG_2892,1,1,1,1,1
OG_2893,1,1,1,1,1
OG_2894,1,1,1,1,1
OG_2895,1,1,1,1,0
OG_2896,1,1,0,0,0
OG_2897,1,1,0,0,0
OG_2898,1,1,0,0,0
OG_2899,1,1,0,0,0
OG_2900,1,1,0,0,0
OG_2901,1,1,0,0,0
OG_2902,1,2,1,0,1
OG_2903,1,1,1,1,1
OG_2904,1,1,1,1,1
OG_2905,1,1,1,1,1
OG_2906,1,1,1,0,0
OG_2907,1,1,1,1,1
OG_2908,1,1,1,1,1
OG_2909,1,1,1,1,1
OG_2910,1,1,1,1,1
OG_2911,1,1,0,0,0
OG_2912,1,1,0,0,0
OG_2913,1,1,1,1,1
OG_2914,1,1,1,1,1
OG_2915,1,1,0,0,0
OG_2916,1,1,0,0,0
OG_2917,1,1,0,0,0
OG_2918,1,1,0,0,0
OG_2919,1,1,0,0,0
OG_2920,1,1,0,0,0
OG_2921,1,1,1,1,1
OG_2922,1,1,1,1,1
OG_2923,1,1,1,1,1
OG_2924,1,1,1,1,1
OG_2925,1,1,1,1,1
OG_2926,1,1,1,1,1
OG_2927,1,1,1,1,1
OG_2928,1,1,1,1,1
OG_2929,1,1,1,0,0
OG_2930,1,1,1,0,0
OG_2931,1,1,1,0,0
OG_2932,1,1,1,1,1
OG_2933,1,1,1,1,1
OG_2934,1,1,1,1,1
OG_2935,1,1,1,1,1
OG_2936,1,1,1,0,1
OG_2937,1,1,1,0,1
OG_2938,1,1,0,0,0
OG_2939,1,1,1,1,1
OG_2940,1,1,1,1,1
OG_2941,1,1,1,0,0
OG_2942,1,1,1,0,0
OG_2943,1,1,1,1,0
OG_2944,1,1,1,1,1
OG_2945,1,1,1,1,1
OG_2946,1,1,1,1,1
OG_2947,1,1,1,1,1
OG_2948,1,1,1,1,1
OG_2949,1,1,1,1,1
OG_2950,1,1,1,1,1
OG_2951,1,1,1,1,1
OG_2952,1,1,2,1,1
OG_2953,1,1,1,1,1
OG_2954,1,1,1,1,1
OG_2955,1,1,1,1,1
OG_2956,1,1,1,1,1
OG_2957,1,1,1,1,1
OG_2958,1,1,1,1,1
OG_2959,1,1,1,1,1
OG_2960,1,1,1,1,1
OG_2961,1,1,1,1,0
OG_2962,1,1,1,1,1
OG_2963,1,1,1,1,0
OG_2964,1,1,1,1,1
OG_2965,1,1,1,1,0
OG_2966,1,1,1,1,1
OG_2967,1,1,1,1,1
OG_2968,1,1,1,1,1
OG_2969,1,1,1,1,1
OG_2970,1,1,1,0,0
OG_2971,1,1,1,0,0
OG_2972,1,1,1,1,1
OG_2973,1,1,1,1,1
OG_2974,1,1,1,1,0
OG_2975,1,1,1,1,1
OG_2976,1,1,1,1,1
OG_2977,1,1,1,1,1
OG_2978,1,1,1,1,1
OG_2979,1,1,1,1,1
OG_2980,1,1,1,0,1
OG_2981,1,1,1,1,1
OG_2982,1,1,1,1,1
OG_2983,1,1,1,1,1
OG_2984,1,1,1,1,1
OG_2985,1,1,1,1,1
OG_2986,1,1,1,1,0
OG_2987,1,1,1,1,1
OG_2988,1,1,1,1,1
OG_2989,1,1,1,1,1
OG_2990,1,1,1,1,1
OG_2991,1,1,1,1,1
OG_2992,1,1,1,1,1
OG_2993,1,1,1,1,1
OG_2994,1,1,1,1,1
OG_2995,1,1,1,1,1
OG_2996,1,1,1,1,1
OG_2997,1,1,1,1,1
OG_2998,1,1,1,1,1
OG_2999,1,1,1,1,1
OG_3000,1,1,1,1,1
OG_3001,1,1,1,1,1
OG_3002,1,1,1,1,1
OG_3003,1,1,1,1,1
OG_3004,1,1,1,1,1
OG_3005,1,1,1,1,1
OG_3006,1,1,1,1,1
OG_3007,1,1,1,1,1
OG_3008,1,1,1,0,1
OG_3009,1,1,1,0,0
OG_3010,1,1,1,0,0
OG_3011,1,1,1,0,0
OG_3012,1,1,1,0,0
OG_3013,1,1,1,0,0
OG_3014,1,1,1,0,0
OG_3015,1,1,1,0,0
OG_3016,1,1,1,0,0
OG_3017,1,1,1,0,0
OG_3018,1,1,1,0,0
OG_3019,1,1,1,0,0
OG_3020,1,1,1,0,0
OG_3021,1,1,1,0,0
OG_3022,1,1,1,0,0
OG_3023,1,1,1,1,1
OG_3024,1,1,1,1,1
OG_3025,1,1,1,1,1
OG_3026,1,1,1,1,1
OG_3027,1,1,1,1,1
OG_3028,1,1,1,1,1
OG_3029,1,1,1,1,1
OG_3030,1,1,1,1,1
OG_3031,1,1,1,1,1
OG_3032,1,1,1,1,1
OG_3033,1,1,1,1,1
OG_3034,1,1,1,1,1
OG_3035,1,1,1,1,1
OG_3036,1,1,1,1,1
OG_3037,1,1,1,1,1
OG_3038,1,1,1,1,1
OG_3039,1,1,1,1,1
OG_3040,1,1,1,1,1
OG_3041,1,1,1,1,1
OG_3042,1,1,1,1,1
OG_3043,1,1,1,1,1
OG_3044,1,1,1,1,1
OG_3045,1,1,1,1,1
OG_3046,1,1,1,1,1
OG_3047,1,1,1,1,1
OG_3048,1,1,1,1,1
OG_3049,1,1,1,1,0
OG_3050,1,1,1,1,1
OG_3051,1,1,1,1,1
OG_3052,1,1,1,1,1
OG_3053,1,1,1,1,1
OG_3054,1,1,1,1,1
OG_3055,1,1,1,1,1
OG_3056,1,1,1,1,1
OG_3057,1,1,1,1,1
OG_3058,1,1,1,1,1
OG_3059,1,1,1,1,1
OG_3060,1,1,1,1,1
OG_3061,1,1,1,1,1
OG_3062,1,1,1,1,1
OG_3063,1,1,1,1,1
OG_3064,1,1,1,1,1
OG_3065,1,1,1,1,1
OG_3066,1,1,1,1,1
OG_3067,1,1,1,1,1
OG_3068,1,1,1,1,1
OG_3069,1,1,1,1,1
OG_3070,1,1,1,1,1
OG_3071,1,1,1,1,1
OG_3072,1,1,1,1,1
OG_3073,1,1,1,1,1
OG_3074,1,1,1,1,1
OG_3075,1,1,1,1,1
OG_3076,1,1,1,1,1
OG_3077,1,1,1,1,1
OG_3078,1,1,1,0,1
OG_3079,1,1,1,1,1
OG_3080,1,1,1,1,1
OG_3081,1,1,1,1,1
OG_3082,1,1,1,1,1
OG_3083,1,1,1,1,0
OG_3084,1,1,1,1,1
OG_3085,1,1,1,1,1
OG_3086,1,1,1,1,1
OG_3087,1,1,1,1,1
OG_3088,1,1,1,1,1
OG_3089,1,1,1,1,1
OG_3090,1,1,1,1,1
OG_3091,1,1,1,1,1
OG_3092,1,1,1,1,1
OG_3093,1,1,1,1,1
OG_3094,1,1,1,1,1
OG_3095,1,1,1,1,1
OG_3096,1,1,1,1,1
OG_3097,1,1,1,1,1
OG_3098,1,1,1,1,1
OG_3099,1,1,1,1,1
OG_3100,1,1,1,1,1
OG_3101,1,1,1,1,1
OG_3102,1,1,1,1,1
OG_3103,1,1,1,1,1
OG_3104,1,1,1,1,1
OG_3105,1,1,1,1,1
OG_3106,1,1,1,1,1
OG_3107,1,1,1,1,1
OG_3108,1,1,1,0,1
OG_3109,1,1,1,1,1
OG_3110,1,1,1,1,1
OG_3111,1,1,1,1,1
OG_3112,1,1,1,1,1
OG_3113,1,1,1,1,1
OG_3114,1,1,1,1,1
OG_3115,1,1,1,1,1
OG_3116,1,1,1,1,1
OG_3117,1,1,1,1,1
OG_3118,1,1,1,1,1
OG_3119,1,1,1,1,1
OG_3120,1,1,1,1,1
OG_3121,1,1,1,1,1
OG_3122,1,1,0,0,0
OG_3123,1,1,0,1,0
OG_3124,1,1,0,1,0
OG_3125,1,1,0,1,0
OG_3126,1,1,0,1,0
OG_3127,1,1,0,1,0
OG_3128,1,1,0,1,0
OG_3129,1,1,1,1,1
OG_3130,1,1,1,1,1
OG_3131,1,1,1,1,1
OG_3132,1,1,1,1,1
OG_3133,1,1,1,1,1
OG_3134,1,1,1,1,1
OG_3135,1,1,1,1,1
OG_3136,1,1,1,1,0
OG_3137,1,1,1,1,0
OG_3138,1,1,1,1,0
OG_3139,1,1,1,1,0
OG_3140,1,1,1,1,1
OG_3141,1,1,1,0,0
OG_3142,1,1,1,1,1
OG_3143,1,1,1,1,1
OG_3144,1,1,0,0,1
OG_3145,2,2,2,1,2
OG_3146,1,1,1,1,1
OG_3147,1,1,1,1,1
OG_3148,1,1,1,1,1
OG_3149,1,1,1,1,1
OG_3150,1,1,1,1,1
OG_3151,1,1,1,1,1
OG_3152,1,1,1,1,1
OG_3153,1,1,1,1,1
OG_3154,1,1,1,1,1
OG_3155,1,1,1,1,1
OG_3156,1,1,1,1,1
OG_3157,1,1,1,1,0
OG_3158,1,1,1,1,0
OG_3159,1,1,1,1,0
OG_3160,1,1,1,1,0
OG_3161,1,1,1,1,1
OG_3162,1,1,1,1,1
OG_3163,1,1,1,1,1
OG_3164,1,1,1,1,1
OG_3165,1,1,1,1,1
OG_3166,1,1,1,0,1
OG_3167,1,1,1,1,1
OG_3168,1,1,1,1,1
OG_3169,1,1,1,1,1
OG_3170,1,1,1,1,1
OG_3171,1,1,1,1,1
OG_3172,1,1,1,1,1
OG_3173,1,1,1,1,1
OG_3174,1,1,1,1,1
OG_3175,1,1,1,1,1
OG_3176,1,1,1,1,1
OG_3177,1,1,1,1,1
OG_3178,1,1,1,1,1
OG_3179,1,1,1,1,1
OG_3180,1,1,1,1,1
OG_3181,1,1,1,1,1
OG_3182,1,1,1,1,1
OG_3183,1,1,1,1,1
OG_3184,1,1,1,1,1
OG_3185,1,1,1,1,1
OG_3186,1,1,1,1,1
OG_3187,1,1,1,1,1
OG_3188,1,1,1,1,1
OG_3189,1,1,0,0,0
OG_3190,1,1,0,0,0
OG_3191,1,1,0,0,0
OG_3192,1,1,0,0,0
OG_3193,1,1,0,0,0
OG_3194,1,1,0,0,0
OG_3195,1,1,0,0,0
OG_3196,1,1,0,0,0
OG_3197,1,1,0,0,0
OG_3198,1,1,0,0,0
OG_3199,1,1,1,1,1
OG_3200,1,1,1,1,1
OG_3201,1,1,0,0,0
OG_3202,1,1,1,1,1
OG_3203,1,1,1,1,1
OG_3204,1,1,1,1,1
OG_3205,1,1,1,1,1
OG_3206,1,1,1,1,1
OG_3207,1,1,1,1,1
OG_3208,1,1,1,1,1
OG_3209,1,1,1,1,1
OG_3210,1,1,1,1,1
OG_3211,1,1,1,1,1
OG_3212,1,1,1,1,1
OG_3213,1,1,1,1,1
OG_3214,1,1,1,1,1
OG_3215,1,1,1,1,1
OG_3216,1,1,1,1,1
OG_3217,1,1,1,1,1
OG_3218,1,1,1,1,1
OG_3219,1,1,1,1,1
OG_3220,1,1,1,0,1
OG_3221,1,1,1,1,1
OG_3222,1,1,1,0,1
OG_3223,1,1,1,1,1
OG_3224,1,1,1,1,1
OG_3225,1,1,1,1,1
OG_3226,1,1,1,1,1
OG_3227,1,1,1,1,1
OG_3228,1,1,1,1,1
OG_3229,1,1,1,1,1
OG_3230,1,1,1,1,1
OG_3231,1,1,1,1,1
OG_3232,1,1,1,1,1
OG_3233,1,1,1,1,1
OG_3234,1,1,1,1,1
OG_3235,1,1,1,0,1
OG_3236,1,1,1,1,1
OG_3237,1,1,1,1,1
OG_3238,1,1,1,1,1
OG_3239,1,1,1,1,1
OG_3240,1,1,1,1,1
OG_3241,1,1,1,1,1
OG_3242,1,1,1,1,1
OG_3243,1,1,1,1,1
OG_3244,1,1,1,1,1
OG_3245,1,1,1,1,1
OG_3246,1,1,1,1,1
OG_3247,1,1,1,1,1
OG_3248,1,1,1,1,1
OG_3249,1,1,1,1,1
OG_3250,1,1,1,1,1
OG_3251,1,1,1,1,1
OG_3252,1,1,1,1,1
OG_3253,1,1,1,1,1
OG_3254,1,1,1,1,1
OG_3255,1,1,1,1,1
OG_3256,1,1,1,1,1
OG_3257,1,1,1,1,1
OG_3258,1,1,1,1,1
OG_3259,1,1,1,1,1
OG_3260,1,1,1,1,1
OG_3261,1,1,1,1,1
OG_3262,1,1,1,1,1
OG_3263,1,1,1,1,1
OG_3264,1,1,1,1,1
OG_3265,1,1,1,1,1
OG_3266,1,1,1,1,1
OG_3267,1,1,1,1,1
OG_3268,1,1,1,1,1
OG_3269,1,0,1,1,1
OG_3270,1,0,1,0,0
OG_3271,1,1,1,1,1
OG_3272,1,1,1,1,1
OG_3273,1,1,1,1,1
OG_3274,1,1,1,1,1
OG_3275,1,1,1,1,1
OG_3276,1,1,1,1,1
OG_3277,1,1,1,1,1
OG_3278,1,0,1,1,1
OG_3279,1,0,1,1,1
OG_3280,1,0,1,1,1
OG_3281,1,1,1,1,1
OG_3282,1,1,1,1,1
OG_3283,1,1,1,1,1
OG_3284,1,1,1,1,1
OG_3285,1,1,0,0,0
OG_3286,1,1,0,1,0
OG_3287,1,0,0,1,0
OG_3288,1,0,1,0,0
OG_3289,1,0,1,0,0
OG_3290,1,0,1,0,0
OG_3291,1,0,1,0,0
OG_3292,1,0,1,0,0
OG_3293,1,0,1,0,0
OG_3294,1,1,1,1,1
OG_3295,1,1,1,1,1
OG_3296,1,1,1,1,1
OG_3297,1,1,1,1,1
OG_3298,1,1,1,1,1
OG_3299,1,1,1,1,1
OG_3300,1,1,1,1,1
OG_3301,1,1,1,1,1
OG_3302,1,1,1,1,1
OG_3303,1,1,1,1,1
OG_3304,1,1,1,1,1
OG_3305,1,1,1,1,1
OG_3306,1,1,1,1,1
OG_3307,1,0,1,0,0
OG_3308,1,0,1,0,0
OG_3309,1,1,1,1,1
OG_3310,1,1,1,1,1
OG_3311,1,1,1,1,1
OG_3312,1,1,1,1,1
OG_3313,1,1,1,0,1
OG_3314,1,1,1,0,1
OG_3315,1,1,1,0,1
OG_3316,1,1,1,1,1
OG_3317,1,1,1,1,1
OG_3318,1,1,1,1,1
OG_3319,1,1,1,1,1
OG_3320,1,1,1,1,1
OG_3321,1,1,1,1,1
OG_3322,1,1,1,1,1
OG_3323,1,1,1,1,1
OG_3324,1,1,1,1,1
OG_3325,1,1,1,1,1
OG_3326,1,1,1,1,0
OG_3327,1,1,1,1,1
OG_3328,1,1,1,1,1
OG_3329,1,1,1,1,1
OG_3330,1,1,1,1,1
OG_3331,1,1,1,1,1
OG_3332,1,1,1,1,1
OG_3333,1,1,1,1,1
OG_3334,1,1,1,1,1
OG_3335,1,1,1,1,1
OG_3336,1,1,1,1,1
OG_3337,1,1,1,1,1
OG_3338,1,1,1,1,1
OG_3339,1,1,1,1,1
OG_3340,1,1,1,1,1
OG_3341,1,1,1,1,1
OG_3342,1,1,1,1,1
OG_3343,1,1,1,1,1
OG_3344,1,1,0,0,0
OG_3345,1,1,1,0,0
OG_3346,1,1,1,0,0
OG_3347,1,1,1,0,0
OG_3348,1,1,1,0,0
OG_3349,1,1,1,0,0
OG_3350,1,1,1,0,0
OG_3351,1,1,1,0,0
OG_3352,1,1,1,1,1
OG_3353,1,1,1,1,1
OG_3354,1,1,1,1,1
OG_3355,1,1,1,1,0
OG_3356,1,1,1,1,1
OG_3357,1,1,1,1,1
OG_3358,1,1,1,1,1
OG_3359,1,1,1,1,1
OG_3360,1,1,1,1,1
OG_3361,1,1,1,1,1
OG_3362,1,1,1,1,1
OG_3363,1,1,1,1,1
OG_3364,1,1,1,1,1
OG_3365,1,1,1,1,1
OG_3366,1,1,1,1,1
OG_3367,1,1,1,1,1
OG_3368,1,1,1,1,1
OG_3369,1,1,1,0,0
OG_3370,1,1,1,0,0
OG_3371,1,1,1,0,0
OG_3372,1,1,1,0,0
OG_3373,1,1,1,0,0
OG_3374,1,1,1,0,0
OG_3375,1,1,1,0,0
OG_3376,1,1,1,0,0
OG_3377,1,1,1,1,0
OG_3378,1,1,1,1,1
OG_3379,1,1,1,1,1
OG_3380,1,1,1,1,1
OG_3381,1,1,1,1,1
OG_3382,1,1,1,1,1
OG_3383,1,1,1,1,1
OG_3384,1,1,1,1,1
OG_3385,1,1,1,1,1
OG_3386,1,0,1,1,1
OG_3387,1,1,1,1,1
OG_3388,1,1,1,1,1
OG_3389,1,1,1,1,1
OG_3390,1,1,1,1,1
OG_3391,1,1,1,1,1
OG_3392,1,1,1,1,1
OG_3393,1,1,1,1,1
OG_3394,1,1,1,1,1
OG_3395,1,1,1,1,1
OG_3396,1,1,1,1,1
OG_3397,1,1,1,1,1
OG_3398,1,1,1,1,1
OG_3399,1,1,1,1,1
OG_3400,1,1,1,1,0
OG_3401,1,1,1,1,1
OG_3402,1,1,1,1,1
OG_3403,1,1,1,1,1
OG_3404,1,1,1,1,1
OG_3405,1,1,1,1,1
OG_3406,1,1,1,1,0
OG_3407,1,1,1,1,1
OG_3408,1,1,1,1,1
OG_3409,1,2,1,1,2
OG_3410,1,1,0,0,0
OG_3411,1,1,1,1,1
OG_3412,1,1,1,1,1
OG_3413,1,1,1,1,1
OG_3414,1,1,1,1,0
OG_3415,1,1,1,1,1
OG_3416,1,1,1,1,1
OG_3417,1,1,1,1,1
OG_3418,1,1,1,1,1
OG_3419,1,1,1,1,1
OG_3420,1,1,1,1,1
OG_3421,1,1,1,1,1
OG_3422,1,1,1,1,1
OG_3423,1,1,1,1,1
OG_3424,1,1,1,1,1
OG_3425,1,1,1,1,1
OG_3426,1,1,1,1,1
OG_3427,1,1,1,1,1
OG_3428,1,1,1,1,1
OG_3429,1,1,1,1,1
OG_3430,1,1,1,1,1
OG_3431,1,1,1,1,1
OG_3432,1,1,1,1,1
OG_3433,1,1,1,1,1
OG_3434,1,1,1,1,1
OG_3435,1,1,1,1,1
OG_3436,1,1,1,1,0
OG_3437,1,1,1,1,1
OG_3438,1,1,1,1,1
OG_3439,1,1,1,1,1
OG_3440,1,1,1,1,0
OG_3441,1,1,1,1,1
OG_3442,1,1,1,1,1
OG_3443,1,1,1,1,1
OG_3444,1,1,1,1,1
OG_3445,1,1,1,1,1
OG_3446,1,1,1,1,1
OG_3447,1,1,1,1,0
OG_3448,1,1,0,0,0
OG_3449,1,1,1,1,0
OG_3450,1,1,1,1,1
OG_3451,1,1,1,0,1
OG_3452,1,1,1,0,1
OG_3453,1,1,1,0,1
OG_3454,1,1,1,0,1
OG_3455,1,1,1,0,1
OG_3456,1,1,1,1,1
OG_3457,1,1,0,0,0
OG_3458,1,1,1,1,1
OG_3459,1,1,1,1,1
OG_3460,1,1,1,1,1
OG_3461,1,1,1,1,1
OG_3462,1,1,1,1,1
OG_3463,1,1,1,1,1
OG_3464,1,1,1,1,1
OG_3465,1,1,1,1,1
OG_3466,1,1,1,1,1
OG_3467,1,1,1,1,1
OG_3468,1,1,1,1,1
OG_3469,1,1,1,1,0
OG_3470,1,1,1,1,1
OG_3471,1,1,1,1,1
OG_3472,1,1,1,1,1
OG_3473,1,1,1,1,1
OG_3474,1,1,1,1,1
OG_3475,1,1,1,1,1
OG_3476,1,1,1,1,1
OG_3477,1,1,1,1,1
OG_3478,1,1,1,1,1
OG_3479,1,1,1,1,1
OG_3480,1,1,1,1,1
OG_3481,1,1,1,1,1
OG_3482,1,1,1,1,1
OG_3483,1,1,1,1,1
OG_3484,1,1,1,1,1
OG_3485,1,1,1,1,1
OG_3486,1,1,1,1,1
OG_3487,1,1,1,1,1
OG_3488,1,0,0,1,0
OG_3489,1,0,0,1,0
OG_3490,1,0,0,1,0
OG_3491,1,1,1,1,1
OG_3492,1,1,1,1,1
OG_3493,1,1,1,1,1
OG_3494,1,1,1,1,1
OG_3495,1,1,1,1,1
OG_3496,1,1,1,1,1
OG_3497,1,1,1,1,1
OG_3498,1,1,1,1,1
OG_3499,1,1,1,1,1
OG_3500,1,1,1,1,1
OG_3501,1,1,1,1,1
OG_3502,1,1,1,1,1
OG_3503,1,1,1,1,1
OG_3504,1,1,1,1,1
OG_3505,1,1,1,1,1
OG_3506,1,1,1,1,1
OG_3507,1,1,1,1,1
OG_3508,1,1,1,1,1
OG_3509,1,0,1,1,1
OG_3510,1,1,1,1,1
OG_3511,1,1,1,1,1
OG_3512,1,1,1,1,1
OG_3513,1,1,1,1,1
OG_3514,1,1,1,1,1
OG_3515,1,1,1,1,1
OG_3516,1,1,1,1,1
OG_3517,1,1,1,1,1
OG_3518,1,1,1,1,1
OG_3519,1,1,1,1,1
OG_3520,1,1,0,0,0
OG_3521,1,1,0,0,0
OG_3522,1,1,0,0,0
OG_3523,1,1,0,0,0
OG_3524,1,1,0,0,0
OG_3525,1,1,0,0,0
OG_3526,1,1,0,0,0
OG_3527,1,1,0,0,0
OG_3528,1,1,0,1,1
OG_3529,1,1,1,1,1
OG_3530,1,1,0,0,0
OG_3531,1,1,0,0,0
OG_3532,1,1,1,1,0
OG_3533,1,1,1,1,0
OG_3534,1,1,1,1,1
OG_3535,1,1,1,1,1
OG_3536,1,1,1,1,1
OG_3537,1,1,1,0,1
OG_3538,1,1,1,1,1
OG_3539,1,1,1,1,1
OG_3540,1,1,1,1,1
OG_3541,1,1,1,1,1
OG_3542,1,1,1,1,1
OG_3543,1,1,1,1,1
OG_3544,1,1,1,1,1
OG_3545,1,1,1,1,1
OG_3546,1,1,1,1,1
OG_3547,1,1,1,1,1
OG_3548,1,1,1,1,1
OG_3549,1,1,1,0,1
OG_3550,1,1,1,0,1
OG_3551,1,1,1,0,1
OG_3552,1,1,1,1,1
OG_3553,1,1,1,1,1
OG_3554,1,1,1,1,1
OG_3555,1,1,1,1,1
OG_3556,1,1,1,1,1
OG_3557,1,1,1,0,1
OG_3558,1,1,1,0,1
OG_3559,1,1,1,0,1
OG_3560,1,1,1,0,1
OG_3561,1,1,1,0,1
OG_3562,1,1,1,0,1
OG_3563,1,1,1,0,1
OG_3564,1,1,1,0,1
OG_3565,1,1,1,1,1
OG_3566,1,1,1,1,1
OG_3567,1,1,1,1,1
OG_3568,1,1,1,1,1
OG_3569,1,1,1,1,1
OG_3570,1,1,1,1,1
OG_3571,1,1,1,1,1
OG_3572,1,1,1,1,1
OG_3573,1,1,1,1,1
OG_3574,1,1,1,0,1
OG_3575,1,1,1,1,1
OG_3576,1,1,1,1,1
OG_3577,1,1,1,1,0
OG_3578,1,1,1,1,1
OG_3579,1,1,1,1,1
OG_3580,1,1,1,1,1
OG_3581,1,1,1,0,1
OG_3582,1,1,0,0,1
OG_3583,1,1,0,0,1
OG_3584,1,1,0,0,1
OG_3585,1,1,0,0,1
OG_3586,1,1,0,0,1
OG_3587,1,1,0,0,1
OG_3588,1,1,0,0,1
OG_3589,1,1,1,1,1
OG_3590,1,1,1,1,1
OG_3591,1,1,1,1,1
OG_3592,1,1,1,1,1
OG_3593,1,1,1,1,1
OG_3594,1,1,1,1,1
OG_3595,1,1,1,1,1
OG_3596,1,1,1,1,1
OG_3597,1,1,1,1,1
OG_3598,1,1,1,1,1
OG_3599,1,1,1,1,1
OG_3600,1,1,1,1,1
OG_3601,1,1,1,1,1
OG_3602,1,1,1,1,1
OG_3603,1,1,1,0,1
OG_3604,1,1,1,1,1
OG_3605,1,1,1,1,1
OG_3606,1,1,1,1,1
OG_3607,1,1,1,1,1
OG_3608,1,1,1,1,1
OG_3609,1,1,1,1,1
OG_3610,1,1,1,1,1
OG_3611,1,1,1,1,1
OG_3612,1,1,1,1,1
OG_3613,1,1,1,1,1
OG_3614,1,1,1,0,0
OG_3615,1,1,1,1,1
OG_3616,1,1,1,0,0
OG_3617,1,1,1,1,1
OG_3618,1,1,1,1,1
OG_3619,1,1,1,1,1
OG_3620,1,1,1,1,1
OG_3621,1,1,1,1,1
OG_3622,1,1,1,1,1
OG_3623,1,1,1,1,1
OG_3624,1,1,1,1,1
OG_3625,1,1,1,1,1
OG_3626,1,1,1,1,1
OG_3627,1,1,1,1,1
OG_3628,1,1,1,1,1
OG_3629,1,1,1,1,1
OG_3630,1,1,1,1,1
OG_3631,1,1,1,1,1
OG_3632,1,1,1,1,1
OG_3633,1,1,1,1,1
OG_3634,1,1,1,1,1
OG_3635,1,1,1,1,1
OG_3636,1,1,1,1,1
OG_3637,1,1,1,1,1
OG_3638,1,1,1,1,1
OG_3639,1,1,1,1,1
OG_3640,1,1,1,1,1
OG_3641,1,1,1,1,1
OG_3642,1,1,1,1,1
OG_3643,1,1,1,1,1
OG_3644,1,1,1,1,1
OG_3645,1,1,1,1,1
OG_3646,1,1,1,1,1
OG_3647,1,1,1,1,1
OG_3648,1,1,1,1,1
OG_3649,1,1,1,1,1
OG_3650,1,1,1,1,1
OG_3651,1,1,1,0,0
OG_3652,1,1,1,1,1
OG_3653,1,1,1,1,1
OG_3654,1,1,1,1,1
OG_3655,1,1,1,1,1
OG_3656,1,1,1,1,1
OG_3657,1,1,1,1,1
OG_3658,1,0,0,0,1
OG_3659,1,0,0,0,1
OG_3660,1,1,1,1,1
OG_3661,1,1,1,1,1
OG_3662,1,1,1,1,1
OG_3663,1,1,1,1,1
OG_3664,1,1,1,1,1
OG_3665,1,1,1,1,1
OG_3666,1,1,0,1,0
OG_3667,1,1,1,0,0
OG_3668,1,1,1,1,1
OG_3669,1,1,1,1,1
OG_3670,1,1,1,1,1
OG_3671,1,1,1,1,1
OG_3672,1,1,1,1,1
OG_3673,1,1,1,1,1
OG_3674,1,1,1,1,1
OG_3675,1,1,1,1,1
OG_3676,1,1,1,1,1
OG_3677,1,1,1,1,1
OG_3678,1,1,1,1,1
OG_3679,1,1,1,1,1
OG_3680,1,0,0,1,0
OG_3681,1,1,1,0,0
OG_3682,1,1,1,0,0
OG_3683,1,1,0,0,0
OG_3684,1,1,0,0,0
OG_3685,1,1,0,0,0
OG_3686,1,1,0,0,0
OG_3687,1,1,0,0,0
OG_3688,1,1,0,0,0
OG_3689,1,1,0,0,0
OG_3690,1,1,0,0,0
OG_3691,1,1,0,0,0
OG_3692,1,1,0,0,0
OG_3693,1,1,0,0,0
OG_3694,1,1,1,1,1
OG_3695,1,1,1,1,1
OG_3696,1,1,0,0,0
OG_3697,1,1,0,0,0
OG_3698,1,1,0,0,0
OG_3699,1,1,0,0,0
OG_3700,1,1,0,0,0
OG_3701,1,1,0,0,0
OG_3702,1,1,1,1,1
OG_3703,1,1,1,1,1
OG_3704,1,1,1,1,1
OG_3705,1,1,1,1,1
OG_3706,1,1,1,1,1
OG_3707,1,1,1,1,1
OG_3708,1,1,1,1,1
OG_3709,1,1,1,1,1
OG_3710,1,1,1,1,1
OG_3711,1,1,1,1,1
OG_3712,1,1,1,1,1
OG_3713,1,1,1,1,1
OG_3714,1,1,1,1,1
OG_3715,1,1,1,1,1
OG_3716,1,1,1,1,1
OG_3717,1,1,1,1,1
OG_3718,1,1,1,1,1
OG_3719,1,1,1,1,1
OG_3720,1,1,1,1,1
OG_3721,1,1,1,1,1
OG_3722,1,1,1,1,1
OG_3723,1,1,1,1,1
OG_3724,1,1,1,0,0
OG_3725,1,1,1,1,1
OG_3726,1,1,1,1,1
OG_3727,1,1,1,1,1
OG_3728,1,1,1,1,1
OG_3729,1,1,1,1,1
OG_3730,1,1,1,1,1
OG_3731,1,1,1,1,1
OG_3732,1,1,1,1,1
OG_3733,1,1,1,1,1
OG_3734,1,1,1,1,1
OG_3735,1,1,1,1,1
OG_3736,1,1,1,1,1
OG_3737,1,1,1,1,1
OG_3738,1,1,1,1,1
OG_3739,1,1,1,1,1
OG_3740,1,1,0,1,0
OG_3741,1,1,0,1,0
OG_3742,1,1,0,0,0
OG_3743,1,1,0,1,0
OG_3744,1,1,1,1,1
OG_3745,1,1,1,1,1
OG_3746,1,1,1,1,1
OG_3747,1,1,1,1,1
OG_3748,1,1,0,0,0
OG_3749,1,1,0,0,0
OG_3750,1,1,0,0,0
OG_3751,1,1,0,0,0
OG_3752,1,1,0,0,0
OG_3753,1,1,1,0,0
OG_3754,1,1,1,1,1
OG_3755,1,1,1,1,1
OG_3756,1,1,1,1,1
OG_3757,1,1,1,1,1
OG_3758,1,1,1,1,1
OG_3759,1,1,1,1,1
OG_3760,1,1,1,0,0
OG_3761,1,1,1,1,1
OG_3762,1,1,1,1,1
OG_3763,1,1,1,1,1
OG_3764,1,1,1,1,1
OG_3765,1,1,1,1,1
OG_3766,1,1,1,1,1
OG_3767,1,1,1,1,1
OG_3768,1,1,1,1,1
OG_3769,1,1,1,1,1
OG_3770,1,1,1,1,1
OG_3771,1,1,1,1,1
OG_3772,1,1,1,1,1
OG_3773,1,1,1,1,1
OG_3774,1,1,1,1,1
OG_3775,1,1,1,1,0
OG_3776,1,1,1,1,1
OG_3777,1,1,1,1,1
OG_3778,1,1,1,1,1
OG_3779,1,1,1,1,1
OG_3780,1,1,1,1,1
OG_3781,1,1,1,1,0
OG_3782,1,1,1,1,1
OG_3783,1,1,1,1,1
OG_3784,1,1,1,1,1
OG_3785,1,1,1,1,1
OG_3786,1,1,1,1,1
OG_3787,1,1,1,1,1
OG_3788,1,1,1,1,1
OG_3789,1,1,1,1,1
OG_3790,1,1,1,1,1
OG_3791,1,1,1,1,1
OG_3792,1,1,1,1,1
OG_3793,1,1,1,1,1
OG_3794,1,1,1,1,1
OG_3795,1,1,1,1,1
OG_3796,1,1,1,1,1
OG_3797,1,1,1,1,1
OG_3798,1,1,1,1,1
OG_3799,1,1,1,1,1
OG_3800,1,1,1,1,1
OG_3801,2,0,0,0,0
OG_3802,1,1,1,0,0
OG_3803,1,1,1,0,0
OG_3804,1,1,1,1,1
OG_3805,1,1,1,1,1
OG_3806,1,1,1,1,1
OG_3807,1,1,1,1,1
OG_3808,1,1,1,1,0
OG_3809,1,1,1,1,0
OG_3810,1,1,1,1,0
OG_3811,1,1,1,1,1
OG_3812,1,1,1,1,1
OG_3813,1,1,1,1,1
OG_3814,1,1,1,1,1
OG_3815,1,1,1,1,1
OG_3816,1,1,1,1,1
OG_3817,1,1,1,1,1
OG_3818,1,1,1,1,1
OG_3819,1,1,1,1,1
OG_3820,1,1,1,1,1
OG_3821,1,1,1,1,1
OG_3822,1,1,1,1,1
OG_3823,1,0,0,0,1
OG_3824,1,1,0,0,1
OG_3825,1,1,1,1,1
OG_3826,1,1,1,1,1
OG_3827,1,1,0,0,0
OG_3828,1,1,0,0,0
OG_3829,1,1,1,1,1
OG_3830,1,1,1,1,1
OG_3831,1,1,1,1,1
OG_3832,1,1,1,1,1
OG_3833,1,1,1,1,1
OG_3834,1,1,1,1,1
OG_3835,1,1,1,1,1
OG_3836,1,1,1,1,1
OG_3837,1,1,1,1,1
OG_3838,1,1,1,1,1
OG_3839,1,1,1,1,1
OG_3840,1,1,1,1,1
OG_3841,1,1,1,1,1
OG_3842,1,1,1,1,1
OG_3843,1,1,1,1,1
OG_3844,1,1,1,1,1
OG_3845,1,1,1,1,1
OG_3846,1,1,1,1,1
OG_3847,1,1,1,1,1
OG_3848,1,1,1,1,1
OG_3849,1,1,1,0,1
OG_3850,1,1,1,1,1
OG_3851,1,1,1,1,1
OG_3852,1,1,1,1,1
OG_3853,1,1,1,1,1
OG_3854,1,1,1,1,1
OG_3855,1,1,1,1,1
OG_3856,1,1,1,1,1
OG_3857,1,1,1,1,1
OG_3858,1,1,1,1,1
OG_3859,1,1,1,1,1
OG_3860,1,0,0,1,1
OG_3861,1,1,1,1,1
OG_3862,1,1,1,1,1
OG_3863,1,1,1,1,1
OG_3864,1,1,1,1,1
OG_3865,1,1,0,0,0
OG_3866,1,1,1,0,1
OG_3867,1,1,1,1,1
OG_3868,1,1,1,1,0
OG_3869,1,1,1,1,1
OG_3870,1,1,1,1,1
OG_3871,1,1,1,1,1
OG_3872,1,1,1,1,1
OG_3873,1,1,0,0,0
OG_3874,1,1,1,1,1
OG_3875,1,1,1,1,1
OG_3876,1,1,1,1,1
OG_3877,1,1,1,1,1
OG_3878,1,1,1,1,1
OG_3879,1,1,1,1,1
OG_3880,1,1,1,1,1
OG_3881,1,1,1,1,1
OG_3882,1,1,1,1,1
OG_3883,1,1,1,1,1
OG_3884,1,1,1,1,0
OG_3885,1,1,1,1,1
OG_3886,1,1,1,1,1
OG_3887,1,1,1,1,1
OG_3888,1,1,1,1,1
OG_3889,1,1,1,2,1
OG_3890,1,1,1,1,1
OG_3891,1,1,0,0,0
OG_3892,1,1,1,1,1
OG_3893,1,1,1,0,1
OG_3894,1,1,1,0,1
OG_3895,1,1,1,0,1
OG_3896,1,1,1,0,1
OG_3897,1,1,1,0,1
OG_3898,1,1,1,0,1
OG_3899,1,1,1,1,1
OG_3900,1,1,1,1,1
OG_3901,1,1,1,1,1
OG_3902,1,1,1,1,1
OG_3903,1,1,1,1,1
OG_3904,1,1,1,1,1
OG_3905,1,1,1,1,1
OG_3906,1,1,1,1,1
OG_3907,1,1,1,1,1
OG_3908,1,1,1,1,1
OG_3909,1,1,1,1,1
OG_3910,1,1,0,0,0
OG_3911,1,1,0,0,0
OG_3912,1,1,0,0,0
OG_3913,1,1,0,0,0
OG_3914,1,1,1,1,1
OG_3915,1,1,1,1,1
OG_3916,1,1,0,0,0
OG_3917,1,1,0,0,0
OG_3918,1,1,1,1,1
OG_3919,1,1,0,0,0
OG_3920,1,1,0,0,0
OG_3921,1,1,0,0,0
OG_3922,1,1,0,0,0
OG_3923,1,1,0,0,0
OG_3924,1,1,0,0,0
OG_3925,1,1,0,0,0
OG_3926,1,1,0,0,0
OG_3927,1,1,0,0,0
OG_3928,1,1,1,1,1
OG_3929,1,1,1,1,1
OG_3930,1,1,1,1,1
OG_3931,1,1,1,1,1
OG_3932,1,1,1,1,1
OG_3933,1,1,1,1,1
OG_3934,1,1,1,0,1
OG_3935,1,1,1,0,1
OG_3936,1,1,1,0,1
OG_3937,1,1,1,0,1
OG_3938,1,1,1,1,1
OG_3939,1,1,0,0,0
OG_3940,1,1,0,0,0
OG_3941,1,1,0,0,0
OG_3942,1,1,1,1,1
OG_3943,1,1,1,1,1
OG_3944,1,1,1,1,1
OG_3945,1,1,1,1,1
OG_3946,1,1,1,1,1
OG_3947,1,1,1,1,1
OG_3948,1,1,1,1,1
OG_3949,1,1,1,1,1
OG_3950,1,1,1,1,1
OG_3951,1,1,1,1,1
OG_3952,1,1,1,1,1
OG_3953,1,1,1,0,1
OG_3954,1,1,0,0,0
OG_3955,1,1,0,0,0
OG_3956,1,1,1,1,1
OG_3957,1,1,0,0,0
OG_3958,1,1,0,0,0
OG_3959,1,1,1,1,1
OG_3960,1,1,1,1,0
OG_3961,1,1,1,0,1
OG_3962,1,1,1,1,1
OG_3963,1,1,1,1,1
OG_3964,1,1,1,1,0
OG_3965,1,1,1,1,0
OG_3966,1,1,0,0,0
OG_3967,1,1,0,0,0
OG_3968,1,1,0,0,0
OG_3969,1,1,0,0,0
OG_3970,1,1,0,0,0
OG_3971,1,1,0,0,0
OG_3972,1,1,0,0,0
OG_3973,1,1,1,1,0
OG_3974,1,1,1,1,0
OG_3975,1,1,1,1,0
OG_3976,1,1,1,1,0
OG_3977,1,1,1,1,0
OG_3978,1,1,1,1,0
OG_3979,1,1,1,1,0
OG_3980,1,1,1,1,0
OG_3981,1,1,1,1,0
OG_3982,1,1,1,1,0
OG_3983,1,1,1,1,0
OG_3984,1,1,1,1,0
OG_3985,1,1,1,1,0
OG_3986,1,1,1,1,1
OG_3987,1,1,1,1,1
OG_3988,1,1,1,1,1
OG_3989,1,1,1,1,1
OG_3990,1,1,1,0,1
OG_3991,1,1,1,0,1
OG_3992,1,1,1,1,1
OG_3993,1,1,1,0,1
OG_3994,1,1,1,1,1
OG_3995,1,1,1,1,1
OG_3996,1,1,1,1,1
OG_3997,1,1,1,1,1
OG_3998,1,1,1,1,1
OG_3999,1,1,1,1,1
OG_4000,1,1,1,1,1
OG_4001,1,1,1,1,1
OG_4002,1,1,1,1,1
OG_4003,1,1,1,1,1
OG_4004,1,1,1,1,1
OG_4005,1,1,1,1,1
OG_4006,1,1,1,1,1
OG_4007,1,1,1,1,0
OG_4008,1,1,1,1,0
OG_4009,1,1,1,0,0
OG_4010,1,0,1,0,0
OG_4011,1,1,1,0,0
OG_4012,1,1,1,0,0
OG_4013,1,1,1,0,0
OG_4014,1,1,1,0,1
OG_4015,1,1,1,0,0
OG_4016,1,1,0,0,0
OG_4017,1,1,1,2,2
OG_4018,1,0,1,0,0
OG_4019,1,0,1,0,0
OG_4020,1,0,1,0,0
OG_4021,1,0,1,0,0
OG_4022,1,0,1,0,0
OG_4023,1,0,1,0,0
OG_4024,1,1,0,2,2
OG_4025,1,2,1,2,2
OG_4026,1,0,0,0,1
OG_4027,1,2,2,1,1
OG_4028,2,0,0,0,0
OG_4029,2,0,0,2,1
OG_4030,1,1,1,0,0
OG_4031,1,1,1,0,1
OG_4032,1,1,0,1,1
OG_4033,1,1,1,1,1
OG_4034,1,1,1,0,1
OG_4035,1,1,1,1,1
OG_4036,1,1,1,1,1
OG_4037,1,1,1,1,1
OG_4038,1,1,1,1,1
OG_4039,1,1,1,1,1
OG_4040,1,1,1,1,1
OG_4041,1,1,1,1,1
OG_4042,1,1,1,1,1
OG_4043,1,1,1,1,1
OG_4044,1,1,1,1,1
OG_4045,1,1,1,0,1
OG_4046,1,1,1,1,1
OG_4047,1,1,1,1,1
OG_4048,1,1,1,1,1
OG_4049,1,1,1,1,1
OG_4050,1,1,1,1,1
OG_4051,1,1,1,1,1
OG_4052,1,1,1,1,1
OG_4053,1,1,1,1,1
OG_4054,1,1,1,1,1
OG_4055,1,1,1,0,0
OG_4056,1,1,0,0,0
OG_4057,1,1,1,1,1
OG_4058,1,1,1,1,1
OG_4059,1,1,1,1,1
OG_4060,1,1,1,1,1
OG_4061,1,1,1,1,1
OG_4062,1,1,1,1,1
OG_4063,1,1,1,1,1
OG_4064,1,1,1,1,1
OG_4065,1,1,1,1,1
OG_4066,1,1,1,1,1
OG_4067,1,1,1,1,1
OG_4068,1,1,1,1,1
OG_4069,1,1,1,1,1
OG_4070,1,1,1,1,1
OG_4071,1,1,1,1,1
OG_4072,1,1,1,1,1
OG_4073,1,1,1,1,1
OG_4074,1,1,1,1,1
OG_4075,1,1,1,1,1
OG_4076,1,1,1,0,0
OG_4077,1,1,1,1,0
OG_4078,1,1,1,1,0
OG_4079,1,1,1,1,0
OG_4080,1,1,1,1,1
OG_4081,1,1,1,1,1
OG_4082,1,1,1,1,1
OG_4083,1,1,1,1,1
OG_4084,1,1,1,1,1
OG_4085,1,1,1,1,1
OG_4086,1,1,1,1,1
OG_4087,1,1,1,1,1
OG_4088,1,1,1,1,1
OG_4089,1,1,1,1,1
OG_4090,1,1,1,1,1
OG_4091,1,1,1,1,1
OG_4092,1,1,1,1,1
OG_4093,1,1,1,1,1
OG_4094,1,1,1,1,1
OG_4095,1,1,1,1,1
OG_4096,1,1,1,1,1
OG_4097,1,1,1,1,1
OG_4098,1,1,1,1,1
OG_4099,1,1,0,0,0
OG_4100,1,1,0,1,0
OG_4101,1,1,0,0,0
OG_4102,1,1,0,1,0
OG_4103,1,1,0,1,0
OG_4104,1,1,0,1,1
OG_4105,1,1,0,1,1
OG_4106,1,1,0,1,1
OG_4107,1,1,1,1,1
OG_4108,1,1,1,1,1
OG_4109,1,1,1,1,1
OG_4110,1,1,1,1,1
OG_4111,1,1,1,1,1
OG_4112,1,1,1,1,1
OG_4113,1,1,1,1,1
OG_4114,1,1,1,1,1
OG_4115,1,1,1,1,1
OG_4116,1,1,1,1,1
OG_4117,1,1,1,1,1
OG_4118,1,1,1,1,1
OG_4119,1,1,1,1,1
OG_4120,1,1,1,1,1
OG_4121,1,1,1,1,1
OG_4122,1,1,1,1,1
OG_4123,1,1,1,1,1
OG_4124,1,1,1,1,1
OG_4125,1,1,1,0,1
OG_4126,1,1,1,1,1
OG_4127,1,1,1,1,1
OG_4128,1,1,1,1,1
OG_4129,1,1,1,1,1
OG_4130,1,1,1,1,1
OG_4131,1,1,1,1,1
OG_4132,1,1,1,1,1
OG_4133,1,1,1,1,1
OG_4134,1,1,1,1,1
OG_4135,1,1,1,1,1
OG_4136,1,1,1,1,1
OG_4137,1,1,1,1,1
OG_4138,1,1,1,1,1
OG_4139,1,1,1,1,1
OG_4140,1,1,1,1,1
OG_4141,1,1,1,1,1
OG_4142,1,1,1,1,1
OG_4143,1,1,1,1,1
OG_4144,1,1,1,1,1
OG_4145,1,1,1,1,1
OG_4146,1,1,1,1,1
OG_4147,1,1,1,1,1
OG_4148,1,1,1,1,1
OG_4149,1,1,1,1,1
OG_4150,1,1,1,1,1
OG_4151,1,1,1,1,1
OG_4152,1,1,1,1,1
OG_4153,1,0,1,0,0
OG_4154,1,0,1,0,0
OG_4155,1,0,1,0,0
OG_4156,1,0,1,0,0
OG_4157,1,0,1,0,0
OG_4158,1,1,1,1,1
OG_4159,1,0,0,1,0
OG_4160,1,1,1,1,1
OG_4161,1,1,1,1,1
OG_4162,1,1,1,1,1
OG_4163,1,1,1,1,1
OG_4164,1,1,1,1,1
OG_4165,1,1,1,1,1
OG_4166,1,1,1,1,1
OG_4167,1,1,1,0,1
OG_4168,1,1,1,1,1
OG_4169,1,1,1,1,1
OG_4170,1,1,1,1,1
OG_4171,1,0,0,1,0
OG_4172,1,1,1,1,1
OG_4173,1,1,1,1,1
OG_4174,1,1,1,1,1
OG_4175,1,1,1,1,1
OG_4176,2,0,0,0,0
OG_4177,1,1,1,1,1
OG_4178,1,1,1,1,1
OG_4179,1,1,1,1,1
OG_4180,1,1,1,0,1
OG_4181,1,0,0,1,0
OG_4182,1,1,1,1,0
OG_4183,1,1,1,1,0
OG_4184,1,1,1,1,0
OG_4185,1,1,1,0,0
OG_4186,1,1,1,1,0
OG_4187,1,1,1,1,0
OG_4188,1,1,1,1,0
OG_4189,1,1,1,0,1
OG_4190,1,0,1,0,0
OG_4191,1,0,1,0,0
OG_4192,1,0,1,0,0
OG_4193,1,0,1,0,0
OG_4194,1,1,1,1,1
OG_4195,1,1,1,1,1
OG_4196,1,1,1,1,1
OG_4197,1,1,1,1,1
OG_4198,1,1,0,0,0
OG_4199,1,1,0,0,0
OG_4200,1,1,0,0,0
OG_4201,1,1,1,1,1
OG_4202,1,1,1,1,1
OG_4203,1,1,1,1,1
OG_4204,1,1,1,1,1
OG_4205,1,1,1,1,1
OG_4206,1,1,1,1,1
OG_4207,1,1,1,1,1
OG_4208,1,1,1,1,1
OG_4209,1,1,1,1,0
OG_4210,1,1,1,1,1
OG_4211,1,1,1,1,1
OG_4212,1,1,1,1,1
OG_4213,1,1,1,1,1
OG_4214,1,1,1,1,1
OG_4215,1,1,1,1,1
OG_4216,1,1,1,1,1
OG_4217,1,1,0,0,0
OG_4218,1,1,1,0,0
OG_4219,1,1,1,0,0
OG_4220,1,1,1,0,0
OG_4221,1,1,1,0,0
OG_4222,1,1,0,0,0
OG_4223,1,1,0,0,1
OG_4224,1,1,0,0,0
OG_4225,1,1,1,0,1
OG_4226,1,0,1,0,0
OG_4227,1,0,1,0,0
OG_4228,1,0,1,0,0
OG_4229,1,0,1,0,0
OG_4230,1,0,1,0,0
OG_4231,1,0,1,0,0
OG_4232,1,0,1,0,0
OG_4233,1,1,1,0,0
OG_4234,1,1,1,0,0
OG_4235,1,1,1,0,0
OG_4236,1,1,1,0,0
OG_4237,1,1,1,0,0
OG_4238,1,1,1,0,0
OG_4239,1,1,1,0,0
OG_4240,1,1,1,1,2
OG_4241,1,1,1,1,2
OG_4242,1,1,1,1,2
OG_4243,1,1,1,1,2
OG_4244,1,1,1,0,2
OG_4245,1,1,1,1,0
OG_4246,1,1,1,1,0
OG_4247,1,1,0,0,0
OG_4248,1,1,1,1,1
OG_4249,1,0,1,0,0
OG_4250,1,0,0,2,2
OG_4251,1,1,1,1,1
OG_4252,1,1,1,0,1
OG_4253,1,1,1,1,1
OG_4254,1,1,1,1,1
OG_4255,1,1,1,1,1
OG_4256,1,1,1,1,1
OG_4257,1,1,1,1,1
OG_4258,1,1,1,1,1
OG_4259,1,1,1,1,1
OG_4260,1,1,1,1,1
OG_4261,1,1,1,1,1
OG_4262,1,1,0,0,0
OG_4263,1,1,1,1,0
OG_4264,1,1,1,1,1
OG_4265,1,1,1,1,1
OG_4266,1,1,1,1,1
OG_4267,1,1,1,1,1
OG_4268,1,1,1,1,1
OG_4269,1,1,1,1,1
OG_4270,1,1,1,1,1
OG_4271,1,1,1,1,1
OG_4272,1,1,1,1,1
OG_4273,1,1,1,1,1
OG_4274,1,1,1,1,1
OG_4275,1,1,1,1,1
OG_4276,1,1,1,1,1
OG_4277,1,1,1,1,1
OG_4278,1,1,1,1,1
OG_4279,1,1,1,1,1
OG_4280,0,1,1,0,0
OG_4281,0,1,1,1,1
OG_4282,0,1,1,0,0
OG_4283,0,1,0,1,0
OG_4284,0,1,1,0,0
OG_4285,0,1,1,0,0
OG_4286,0,1,1,0,0
OG_4287,0,1,1,0,0
OG_4288,0,1,1,0,0
OG_4289,0,1,1,0,0
OG_4290,0,1,1,0,0
OG_4291,0,1,1,0,0
OG_4292,0,1,1,0,0
OG_4293,0,1,1,0,0
OG_4294,0,1,1,0,0
OG_4295,0,1,1,0,0
OG_4296,0,1,1,0,0
OG_4297,0,1,1,0,0
OG_4298,0,1,1,0,0
OG_4299,0,1,1,0,0
OG_4300,0,1,1,0,0
OG_4301,0,1,1,0,0
OG_4302,0,1,1,0,0
OG_4303,0,1,1,0,0
OG_4304,0,1,1,0,0
OG_4305,0,1,1,0,0
OG_4306,0,1,1,0,0
OG_4307,0,1,1,0,0
OG_4308,0,1,1,0,0
OG_4309,0,1,1,0,0
OG_4310,0,1,1,0,0
OG_4311,0,1,1,0,0
OG_4312,0,1,1,0,0
OG_4313,0,1,1,0,0
OG_4314,0,1,1,0,0
OG_4315,0,1,1,0,0
OG_4316,0,1,1,0,0
OG_4317,0,1,1,0,0
OG_4318,0,1,1,0,0
OG_4319,0,1,1,0,0
OG_4320,0,1,1,0,0
OG_4321,0,1,1,0,0
OG_4322,0,1,1,0,0
OG_4323,0,1,1,0,0
OG_4324,0,1,0,1,0
OG_4325,0,1,1,0,0
OG_4326,0,1,1,0,0
OG_4327,0,1,1,0,0
OG_4328,0,1,1,0,0
OG_4329,0,1,1,0,0
OG_4330,0,1,1,0,0
OG_4331,0,1,1,0,0
OG_4332,0,1,1,0,0
OG_4333,0,2,0,0,0
OG_4334,0,1,1,0,1
OG_4335,0,1,1,0,1
OG_4336,0,1,1,0,1
OG_4337,0,1,1,1,1
OG_4338,0,1,0,1,1
OG_4339,0,1,0,1,0
OG_4340,0,1,0,0,1
OG_4341,0,1,1,1,1
OG_4342,0,1,0,1,0
OG_4343,0,1,0,1,0
OG_4344,0,1,0,1,0
OG_4345,0,1,0,1,0
OG_4346,0,1,0,1,0
OG_4347,0,1,0,1,0
OG_4348,0,1,0,1,0
OG_4349,0,2,0,0,0
OG_4350,0,1,0,1,0
OG_4351,0,1,0,1,0
OG_4352,0,1,0,1,0
OG_4353,0,2,0,0,0
OG_4354,0,1,0,1,0
OG_4355,0,1,0,1,0
OG_4356,0,1,0,1,0
OG_4357,0,1,0,1,0
OG_4358,0,1,0,1,0
OG_4359,0,1,0,1,0
OG_4360,0,1,0,1,0
OG_4361,0,1,0,1,0
OG_4362,0,1,0,1,0
OG_4363,0,2,1,2,0
OG_4364,0,2,2,2,2
OG_4365,0,2,0,0,0
OG_4366,0,1,1,0,1
OG_4367,0,1,1,1,0
OG_4368,0,1,1,0,0
OG_4369,0,1,1,0,0
OG_4370,0,1,1,0,0
OG_4371,0,1,1,0,0
OG_4372,0,1,1,0,0
OG_4373,0,1,1,0,0
OG_4374,0,1,2,0,0
OG_4375,0,1,2,0,0
OG_4376,0,1,2,0,1
OG_4377,0,1,0,1,0
OG_4378,0,1,1,0,0
OG_4379,0,1,0,1,0
OG_4380,0,2,0,0,0
OG_4381,0,1,0,0,2
OG_4382,0,2,1,1,1
OG_4383,0,1,1,1,0
OG_4384,0,1,1,1,0
OG_4385,0,1,0,1,0
OG_4386,0,1,1,1,0
OG_4387,0,1,1,1,0
OG_4388,0,1,0,0,1
OG_4389,0,1,0,0,1
OG_4390,0,1,0,0,1
OG_4391,0,1,1,0,0
OG_4392,0,1,1,0,0
OG_4393,0,1,1,0,1
OG_4394,0,1,1,1,1
OG_4395,0,1,1,1,1
OG_4396,0,1,1,1,1
OG_4397,0,1,1,1,0
OG_4398,0,1,0,1,0
OG_4399,0,1,0,0,1
OG_4400,0,1,1,1,0
OG_4401,0,1,1,1,1
OG_4402,0,1,1,0,1
OG_4403,0,1,1,1,1
OG_4404,0,1,0,1,1
OG_4405,0,2,1,0,0
OG_4406,0,1,0,0,1
OG_4407,0,1,1,0,0
OG_4408,0,2,0,0,0
OG_4409,0,1,1,0,0
OG_4410,0,1,0,1,0
OG_4411,0,1,1,0,0
OG_4412,0,1,1,1,0
OG_4413,0,1,1,1,1
OG_4414,0,1,1,1,1
OG_4415,0,1,1,0,0
OG_4416,0,1,1,0,1
OG_4417,0,1,0,0,1
OG_4418,0,1,1,0,1
OG_4419,0,1,0,1,0
OG_4420,0,1,1,1,1
OG_4421,0,1,1,0,0
OG_4422,0,1,1,0,1
OG_4423,0,2,1,2,0
OG_4424,0,1,0,2,1
OG_4425,0,1,1,0,0
OG_4426,0,1,1,0,0
OG_4427,0,1,1,0,0
OG_4428,0,1,1,1,1
OG_4429,0,1,1,1,1
OG_4430,0,1,1,1,1
OG_4431,0,1,1,1,1
OG_4432,0,1,1,1,1
OG_4433,0,1,1,1,1
OG_4434,0,1,1,2,0
OG_4435,0,2,1,1,2
OG_4436,0,1,1,0,0
OG_4437,0,2,1,2,0
OG_4438,0,1,1,1,0
OG_4439,0,1,1,0,0
OG_4440,0,1,1,0,0
OG_4441,0,1,1,0,0
OG_4442,0,1,1,1,0
OG_4443,0,1,1,0,0
OG_4444,0,1,1,0,0
OG_4445,0,1,1,0,0
OG_4446,0,1,1,0,0
OG_4447,0,1,1,0,0
OG_4448,0,1,1,0,0
OG_4449,0,1,1,0,0
OG_4450,0,1,1,0,0
OG_4451,0,1,1,0,0
OG_4452,0,1,1,2,0
OG_4453,0,1,1,0,0
OG_4454,0,1,1,1,0
OG_4455,0,1,1,0,2
OG_4456,0,1,1,0,0
OG_4457,0,1,1,0,0
OG_4458,0,1,1,0,0
OG_4459,0,1,1,0,0
OG_4460,0,1,1,0,0
OG_4461,0,1,1,0,0
OG_4462,0,1,1,0,0
OG_4463,0,1,1,0,0
OG_4464,0,1,1,0,0
OG_4465,0,1,1,0,0
OG_4466,0,1,1,0,0
OG_4467,0,1,1,0,0
OG_4468,0,1,1,1,1
OG_4469,0,1,1,1,1
OG_4470,0,2,1,2,2
OG_4471,0,1,1,0,0
OG_4472,0,1,1,0,0
OG_4473,0,1,0,1,0
OG_4474,0,1,2,1,1
OG_4475,0,1,0,1,0
OG_4476,0,1,1,0,1
OG_4477,0,1,1,0,1
OG_4478,0,1,1,0,1
OG_4479,0,1,1,1,1
OG_4480,0,1,1,0,0
OG_4481,0,1,1,0,0
OG_4482,0,1,1,0,1
OG_4483,0,1,1,0,1
OG_4484,0,1,1,1,1
OG_4485,0,1,1,0,0
OG_4486,0,1,0,1,0
OG_4487,0,1,1,1,1
OG_4488,0,1,1,1,1
OG_4489,0,1,1,1,1
OG_4490,0,1,1,1,1
OG_4491,0,1,0,1,0
OG_4492,0,1,0,2,0
OG_4493,0,2,0,0,0
OG_4494,0,2,0,0,0
OG_4495,0,2,0,0,0
OG_4496,0,2,0,0,1
OG_4497,0,2,0,0,0
OG_4498,0,2,0,0,0
OG_4499,0,2,0,0,0
OG_4500,0,2,1,0,0
OG_4501,0,2,1,0,0
OG_4502,0,2,1,2,0
OG_4503,0,2,1,2,0
OG_4504,0,2,1,0,0
OG_4505,0,2,1,0,0
OG_4506,0,2,1,0,0
OG_4507,0,2,1,0,0
OG_4508,0,2,1,0,0
OG_4509,0,2,1,0,0
OG_4510,0,2,1,0,0
OG_4511,0,2,1,0,0
OG_4512,0,2,1,1,0
OG_4513,0,2,1,0,0
OG_4514,0,2,1,0,0
OG_4515,0,2,1,0,0
OG_4516,0,2,1,0,0
OG_4517,0,2,0,0,0
OG_4518,0,2,0,0,0
OG_4519,0,2,0,0,0
OG_4520,0,2,0,0,0
OG_4521,0,2,1,0,0
OG_4522,0,2,1,0,0
OG_4523,0,2,0,0,0
OG_4524,0,2,0,0,0
OG_4525,0,2,0,0,0
OG_4526,0,2,0,0,0
OG_4527,0,1,1,0,0
OG_4528,0,1,1,0,0
OG_4529,0,1,1,0,0
OG_4530,0,1,1,0,0
OG_4531,0,1,1,0,0
OG_4532,0,1,1,0,0
OG_4533,0,1,1,0,0
OG_4534,0,1,1,0,0
OG_4535,0,1,1,0,0
OG_4536,0,1,1,0,0
OG_4537,0,1,1,0,0
OG_4538,0,1,1,0,0
OG_4539,0,1,1,0,0
OG_4540,0,1,1,0,0
OG_4541,0,1,1,0,0
OG_4542,0,1,1,0,0
OG_4543,0,1,1,0,0
OG_4544,0,1,1,0,0
OG_4545,0,1,1,0,0
OG_4546,0,1,1,0,0
OG_4547,0,1,1,0,1
OG_4548,0,1,1,0,1
OG_4549,0,1,1,1,0
OG_4550,0,1,1,0,0
OG_4551,0,1,1,0,0
OG_4552,0,0,2,0,0
OG_4553,0,0,2,0,0
OG_4554,0,0,2,0,0
OG_4555,0,0,1,1,1
OG_4556,0,0,1,0,1
OG_4557,0,0,1,0,1
OG_4558,0,0,1,0,1
OG_4559,0,0,1,1,1
OG_4560,0,0,1,1,1
OG_4561,0,0,2,0,0
OG_4562,0,0,2,0,0
OG_4563,0,0,2,0,0
OG_4564,0,0,1,1,1
OG_4565,0,0,2,0,0
OG_4566,0,0,1,1,1
OG_4567,0,0,1,1,1
OG_4568,0,0,1,1,1
OG_4569,0,0,1,1,1
OG_4570,0,0,1,1,0
OG_4571,0,0,2,0,0
OG_4572,0,0,1,0,1
OG_4573,0,0,1,1,0
OG_4574,0,0,1,1,1
OG_4575,0,0,1,0,1
OG_4576,0,0,1,1,1
OG_4577,0,0,1,1,0
OG_4578,0,0,2,0,0
OG_4579,0,0,1,0,1
OG_4580,0,0,1,1,0
OG_4581,0,0,1,1,0
OG_4582,0,0,1,0,1
OG_4583,0,0,2,0,0
OG_4584,0,0,1,0,1
OG_4585,0,0,1,0,1
OG_4586,0,0,2,0,0
OG_4587,0,0,1,1,0
OG_4588,0,0,1,1,1
OG_4589,0,0,1,0,1
OG_4590,0,0,1,0,1
OG_4591,0,0,1,0,1
OG_4592,0,0,1,1,0
OG_4593,0,0,2,0,0
OG_4594,0,0,1,1,0
OG_4595,0,0,1,0,1
OG_4596,0,0,1,0,1
OG_4597,0,0,1,1,0
OG_4598,0,0,1,1,1
OG_4599,0,0,1,1,1
OG_4600,0,0,1,1,1
OG_4601,0,0,1,1,1
OG_4602,0,0,1,1,1
OG_4603,0,0,1,0,1
OG_4604,0,0,1,1,0
OG_4605,0,0,1,1,1
OG_4606,0,0,1,1,1
OG_4607,0,0,1,1,1
OG_4608,0,0,1,1,0
OG_4609,0,0,1,1,0
OG_4610,0,0,1,1,0
OG_4611,0,0,1,0,1
OG_4612,0,0,1,0,1
OG_4613,0,0,1,0,1
OG_4614,0,0,1,1,1
OG_4615,0,0,1,0,1
OG_4616,0,0,1,1,0
OG_4617,0,0,1,0,1
OG_4618,0,0,1,1,1
OG_4619,0,0,1,1,1
OG_4620,0,0,1,1,0
OG_4621,0,0,1,1,0
OG_4622,0,0,1,1,0
OG_4623,0,0,1,0,1
OG_4624,0,0,1,0,1
OG_4625,0,0,1,0,1
OG_4626,0,0,1,0,1
OG_4627,0,0,1,0,1
OG_4628,0,0,1,0,1
OG_4629,0,0,1,0,1
OG_4630,0,0,1,0,1
OG_4631,0,0,2,0,0
OG_4632,0,0,1,1,0
OG_4633,0,0,1,1,1
OG_4634,0,0,1,0,1
OG_4635,0,0,1,1,0
OG_4636,0,0,1,1,0
OG_4637,0,0,1,1,0
OG_4638,0,0,1,1,1
OG_4639,0,0,1,0,1
OG_4640,0,0,1,1,0
OG_4641,0,0,1,0,1
OG_4642,0,0,1,1,0
OG_4643,0,0,1,1,0
OG_4644,0,0,1,1,0
OG_4645,0,0,1,1,1
OG_4646,0,0,2,0,0
OG_4647,0,0,1,0,1
OG_4648,0,0,1,0,1
OG_4649,0,0,1,0,1
OG_4650,0,0,1,0,1
OG_4651,0,0,1,1,1
OG_4652,0,0,1,1,1
OG_4653,0,0,1,0,1
OG_4654,0,0,1,1,1
OG_4655,0,0,1,0,1
OG_4656,0,0,1,1,1
OG_4657,0,0,1,1,1
OG_4658,0,0,1,1,0
OG_4659,0,0,1,1,1
OG_4660,0,0,1,1,1
OG_4661,0,0,1,1,1
OG_4662,0,0,1,1,1
OG_4663,0,0,1,0,1
OG_4664,0,0,1,1,1
OG_4665,0,0,1,1,1
OG_4666,0,0,1,1,1
OG_4667,0,0,1,1,1
OG_4668,0,0,1,1,1
OG_4669,0,0,1,1,1
OG_4670,0,0,1,0,1
OG_4671,0,0,1,0,1
OG_4672,0,0,1,1,1
OG_4673,0,0,1,1,1
OG_4674,0,0,1,0,1
OG_4675,0,0,1,0,1
OG_4676,0,0,1,0,1
OG_4677,0,0,1,0,1
OG_4678,0,0,1,1,0
OG_4679,0,0,1,1,0
OG_4680,0,0,1,1,0
OG_4681,0,0,1,1,0
OG_4682,0,0,1,1,0
OG_4683,0,0,2,0,0
OG_4684,0,0,1,0,1
OG_4685,0,0,1,1,1
OG_4686,0,0,1,1,1
OG_4687,0,0,1,1,1
OG_4688,0,0,2,0,0
OG_4689,0,0,2,0,0
OG_4690,0,0,1,2,0
OG_4691,0,0,1,1,2
OG_4692,0,0,1,1,2
OG_4693,0,0,1,1,2
OG_4694,0,0,1,2,0
OG_4695,0,0,1,1,0
OG_4696,0,0,2,1,2
OG_4697,0,0,1,1,1
OG_4698,0,0,1,0,1
OG_4699,0,0,1,1,1
OG_4700,0,0,1,1,1
OG_4701,0,0,1,1,1
OG_4702,0,0,1,1,0
OG_4703,0,0,1,1,1
OG_4704,0,0,1,0,1
OG_4705,0,0,1,0,1
OG_4706,0,0,1,1,1
OG_4707,0,0,1,1,1
OG_4708,0,0,1,1,1
OG_4709,0,0,1,0,1
OG_4710,0,0,1,0,1
OG_4711,0,0,1,0,1
OG_4712,0,0,1,0,1
OG_4713,0,0,1,0,1
OG_4714,0,0,2,1,2
OG_4715,0,0,1,1,1
OG_4716,0,0,1,0,1
OG_4717,0,0,1,1,1
OG_4718,0,0,1,1,1
OG_4719,0,0,1,1,1
OG_4720,0,0,1,0,1
OG_4721,0,0,1,0,1
OG_4722,0,0,1,0,1
OG_4723,0,0,1,1,1
OG_4724,0,0,1,0,1
OG_4725,0,0,1,0,1
OG_4726,0,0,1,0,1
OG_4727,0,0,1,0,1
OG_4728,0,0,1,0,1
OG_4729,0,0,1,0,1
OG_4730,0,0,1,0,1
OG_4731,0,0,1,0,1
OG_4732,0,0,2,0,0
OG_4733,0,0,1,1,0
OG_4734,0,0,1,1,0
OG_4735,0,0,1,1,1
OG_4736,0,0,1,1,1
OG_4737,0,0,1,1,0
OG_4738,0,0,1,0,1
OG_4739,0,0,2,0,0
OG_4740,0,0,1,1,1
OG_4741,0,0,1,1,1
OG_4742,0,0,1,1,0
OG_4743,0,0,1,0,1
OG_4744,0,0,1,1,1
OG_4745,0,0,1,1,0
OG_4746,0,0,1,1,1
OG_4747,0,0,1,1,1
OG_4748,0,0,1,1,1
OG_4749,0,0,1,1,1
OG_4750,0,0,1,1,1
OG_4751,0,0,1,1,1
OG_4752,0,0,1,0,1
OG_4753,0,0,0,1,1
OG_4754,0,0,0,2,2
OG_4755,0,0,0,2,0
OG_4756,0,0,0,2,0
OG_4757,0,0,0,2,0
OG_4758,0,0,0,1,1
OG_4759,0,0,0,2,0
OG_4760,0,0,0,2,0
OG_4761,0,0,0,2,0
OG_4762,0,0,0,2,0
OG_4763,0,0,0,2,0
OG_4764,0,0,0,2,0
OG_4765,0,0,0,1,1
OG_4766,0,0,0,1,1
OG_4767,0,0,0,1,1
OG_4768,0,0,0,2,0
OG_4769,0,0,0,1,1
OG_4770,0,0,0,2,0
OG_4771,0,0,0,2,1
OG_4772,0,0,0,2,2
OG_4773,0,0,0,1,2
OG_4774,0,0,0,1,1
OG_4775,0,0,0,1,1
OG_4776,0,0,0,2,1
OG_4777,0,0,0,2,0
OG_4778,0,0,0,1,1
OG_4779,0,0,0,2,0
OG_4780,0,0,0,1,1
OG_4781,0,0,0,1,1
OG_4782,0,0,0,1,1
OG_4783,0,0,0,1,1
OG_4784,0,0,0,2,2
OG_4785,0,0,0,2,1
OG_4786,0,0,0,1,2
OG_4787,0,0,0,1,1
OG_4788,0,0,0,1,1
OG_4789,0,0,0,2,0
OG_4790,0,0,0,1,1
OG_4791,0,0,0,1,1
OG_4792,0,0,0,1,1
OG_4793,0,0,0,2,0
OG_4794,0,0,0,1,1
OG_4795,0,0,0,1,1
OG_4796,0,0,0,2,0
OG_4797,0,0,0,1,1
OG_4798,0,0,0,1,2
OG_4799,0,0,0,1,1
OG_4800,0,0,0,1,1
OG_4801,0,0,0,1,1
OG_4802,0,0,0,1,1
OG_4803,0,0,0,1,1
OG_4804,0,0,0,1,1
OG_4805,0,0,0,1,1
OG_4806,0,0,0,1,1
OG_4807,0,0,0,2,0
OG_4808,0,0,0,2,0
OG_4809,0,0,0,1,1
OG_4810,0,0,0,1,1
OG_4811,0,0,0,1,1
OG_4812,0,0,0,1,1
OG_4813,0,0,0,1,1
OG_4814,0,0,0,1,1
OG_4815,0,0,0,2,0
OG_4816,0,0,0,2,2
OG_4817,0,0,0,1,1
OG_4818,0,0,0,1,1
OG_4819,0,0,0,1,1
OG_4820,0,0,0,1,1
OG_4821,0,0,0,1,2
OG_4822,0,0,0,1,2
OG_4823,0,0,0,1,1
OG_4824,0,0,0,1,1
OG_4825,0,0,0,1,1
OG_4826,0,0,0,2,0
OG_4827,0,0,0,1,1
OG_4828,0,0,0,1,1
OG_4829,0,0,0,1,1
OG_4830,0,0,0,1,1
OG_4831,0,0,0,1,1
OG_4832,0,0,0,1,1
OG_4833,0,0,0,1,1
OG_4834,0,0,0,1,1
OG_4835,0,0,0,2,0
OG_4836,0,0,0,1,1
OG_4837,0,0,0,1,1
OG_4838,0,0,0,1,1
OG_4839,0,0,0,1,1
OG_4840,0,0,0,1,1
OG_4841,0,0,0,1,1
OG_4842,0,0,0,1,1
OG_4843,0,0,0,1,1
OG_4844,0,0,0,1,2
OG_4845,0,0,0,1,1
OG_4846,0,0,0,1,1
OG_4847,0,0,0,1,1
OG_4848,0,0,0,1,1
OG_4849,0,0,0,1,1
OG_4850,0,0,0,1,1
OG_4851,0,0,0,1,1
OG_4852,0,0,0,1,1
OG_4853,0,0,0,1,1
OG_4854,0,0,0,1,1
OG_4855,0,0,0,1,1
OG_4856,0,0,0,2,1
OG_4857,0,0,0,1,1
OG_4858,0,0,0,1,1
OG_4859,0,0,0,1,1
OG_4860,0,0,0,1,1
OG_4861,0,0,0,1,1
OG_4862,0,0,0,1,1
OG_4863,0,0,0,1,1
OG_4864,0,0,0,1,1
OG_4865,0,0,0,1,1
OG_4866,0,0,0,1,1
OG_4867,0,0,0,1,1
OG_4868,0,0,0,1,1
OG_4869,0,0,0,1,1
OG_4870,0,0,0,1,1
OG_4871,0,0,0,1,1
OG_4872,0,0,0,1,1
OG_4873,0,0,0,1,1
OG_4874,0,0,0,1,1
OG_4875,0,0,0,1,1
OG_4876,0,0,0,1,1
OG_4877,0,0,0,1,1
OG_4878,0,0,0,1,1
OG_4879,0,0,0,1,1
OG_4880,0,0,0,1,1
OG_4881,0,0,0,1,1
OG_4882,0,0,0,1,1
OG_4883,0,0,0,1,1
OG_4884,0,0,0,1,1
OG_4885,0,0,0,1,1
OG_4886,0,0,0,1,1
OG_4887,0,0,0,1,2
OG_4888,0,0,0,1,1
OG_4889,0,0,0,1,1
OG_4890,0,0,0,1,1
OG_4891,0,0,0,0,2
OG_4892,0,0,0,0,2
OG_4893,0,0,0,0,2
OG_4894,0,0,0,0,2
OG_4895,0,0,0,0,2
OG_4896,0,0,0,0,2
OG_4897,0,0,0,0,2
OG_4898,0,0,0,0,2
OG_4899,0,0,0,0,2
OG_4900,0,0,0,0,2
OG_4901,0,0,0,0,2
OG_4902,0,0,0,0,2
OG_4903,0,0,0,0,2
OG_4904,0,0,0,0,2
OG_4905,0,0,0,0,2
OG_4906,0,0,0,0,2
OG_4907,0,0,0,0,2
OG_4908,0,0,0,0,2
OG_4909,0,0,0,0,2
OG_4910,0,0,0,0,2
OG_4911,0,0,0,0,2
OG_4912,0,0,0,0,2
OG_4913,0,0,0,0,2
OG_4914,0,0,0,0,2
OG_4915,0,0,0,0,2
OG_4916,0,0,0,0,2
OG_4917,0,0,0,0,2
