{"Chlamydia_abortus_strain_162STDY5437294": 0, "Chlamydia_abortus_strain_1B_cevac": 0, "Chlamydia_abortus_strain_GIMC_2006CabB577": 14, "Chlamydia_crocodili_strain_No._12": 41, "Chlamydia_abortus_strain_NL2354-2D": 1, "Chlamydia_abortus_strain_NL2335-4C": 0, "Chlamydia_gallinacea_08-12743": 17, "Chlamydia_felis_FeC-56": 21, "Chlamydia_buteonis_strain_IDL17-4553": 25, "Chlamydia_caviae_GPIC": 23, "Chlamydia_avium_10DC88": 76, "Chlamydia_muridarum_str._Nigg": 3, "Chlamydia_muridarum_str._Nigg_isolate_CM008": 0, "Chlamydia_muridarum_str._Nigg_isolate_CM001": 12, "Chlamydia_muridarum_str._Nigg_isolate_CM009": 0, "Chlamydia_muridarum_str._Nigg_isolate_CM021": 16, "Chlamydia_psittaci_6BC": 2, "Chlamydia_psittaci_01DC11": 6, "Chlamydia_pecorum_E58": 86, "Chlamydia_psittaci_MN": 22, "Chlamydia_poikilotherma_strain_S15-834K": 26, "Chlamydia_psittaci_strain_NRM_isolate_NRM_5": 4, "Chlamydia_psittaci_strain_GIMC_2005CpsCP1": 0, "Chlamydia_suis_isolate_4-29b": 27, "Chlamydia_psittaci_WSRTE30": 35, "Chlamydia_psittaci_strain_Ful127": 5, "Chlamydia_serpentis_strain_H15-1957-10C": 148, "Chlamydia_psittaci_strain_GIMC_2004CpsAP23": 0, "Chlamydia_psittaci_strain_AMK": 9, "Chlamydia_psittaci_strain_GIMC_2003Cps25SM": 4, "Chlamydia_trachomatis_EBour": 8, "Chlamydia_trachomatis_strain_QH111L": 18, "Chlamydophila_parapsittaci_strain_Rostinovo-70": 4, "Chlamydia_trachomatis_strain_tet9": 0, "Waddlia_chondrophila_WSU_86-1044": 1473, "Chlamydia_trachomatis_RC-L255": 0, "Chlamydia_trachomatis_L1115": 1, "Chlamydia_trachomatis_L2b820007": 0, "Chlamydia_trachomatis_A2497": 10, "Chlamydia_trachomatis_strain_E-32931": 9, "Chlamydia_trachomatis_L2bUCH-2": 0}