Genome,GC Content (of ORFs)
Chlamydia_abortus_strain_162STDY5437294,0.4049780061549975
Chlamydia_abortus_strain_1B_cevac,0.40497084906615743
Chlamydia_abortus_strain_GIMC_2006CabB577,0.4050387596899225
Chlamydia_abortus_strain_NL2335-4C,0.40505956068131566
Chlamydia_abortus_strain_NL2354-2D,0.405076588731969
Chlamydia_avium_10DC88,0.37437871629171926
Chlamydia_buteonis_strain_IDL17-4553,0.38946982625327853
Chlamydia_caviae_GPIC,0.39826700268836046
Chlamydia_muridarum_str._Nigg_isolate_CM001,0.407278539462999
Chlamydia_muridarum_str._Nigg,0.40695064398529496
Chlamydia_gallinacea_08-12743,0.38421603958853506
Chlamydia_crocodili_strain_No._12,0.38071763664448244
Chlamydia_felis_FeC-56,0.39944297653188504
Chlamydia_poikilotherma_strain_S15-834K,0.38106120760724066
Chlamydia_psittaci_6BC,0.396494047102494
Chlamydia_muridarum_str._Nigg_isolate_CM021,0.40731930428821284
Chlamydia_muridarum_str._Nigg_isolate_CM008,0.4073078790390164
Chlamydia_muridarum_str._Nigg_isolate_CM009,0.40732418222674177
Chlamydia_pecorum_E58,0.41701290138845
Chlamydia_psittaci_01DC11,0.3968312620230956
Chlamydia_psittaci_strain_Ful127,0.39644734589401537
Chlamydia_psittaci_strain_GIMC_2005CpsCP1,0.39638597199030234
Chlamydia_psittaci_strain_AMK,0.3970712774478029
Chlamydia_suis_isolate_4-29b,0.42652195003638127
Chlamydia_psittaci_strain_GIMC_2003Cps25SM,0.3964719805107867
Chlamydia_psittaci_strain_NRM_isolate_NRM_5,0.39641952844719053
Chlamydia_psittaci_WSRTE30,0.39644345285648025
Chlamydia_psittaci_MN,0.3964755639980685
Chlamydia_psittaci_strain_GIMC_2004CpsAP23,0.396398011176397
Chlamydia_trachomatis_L1115,0.4164138576480962
Chlamydia_trachomatis_EBour,0.41629619778605265
Chlamydia_trachomatis_L2b820007,0.4163743546323235
Chlamydia_serpentis_strain_H15-1957-10C,0.3820969643954535
Chlamydia_trachomatis_strain_QH111L,0.4162727232853969
Chlamydia_trachomatis_A2497,0.4162135760506533
Chlamydia_trachomatis_L2bUCH-2,0.4163722325848872
Chlamydia_trachomatis_RC-L255,0.41681923554176115
Chlamydia_trachomatis_strain_E-32931,0.41616718713273565
Chlamydia_trachomatis_strain_tet9,0.4185956911960689
Chlamydophila_parapsittaci_strain_Rostinovo-70,0.39714459999214763
Waddlia_chondrophila_WSU_86-1044,0.44286924967295177
